County_x,Municipality,2021: Area,2021: Census Population,2020: Workforce,2020: % Unemployed,2020: Average Residential Property Value ($),2020: Municipal Budget per Capita ($),2018: % Democrats,2018: % Republicans,Total_Acres,Total_Acres_Open_Space
Atlantic,Absecon,5.47,9137,4437,17.33,170824,1240,29.76,28.89,3499.52,390.772836
Atlantic,Atlantic City,10.76,38497,15995,25.71,144901,5609,94.97,9.41,6886.4,941.6705367
Atlantic,Brigantine,6.52,7716,4182,14.78,383187,3562,22.24,42.13,4174.08,3116.170626
Atlantic,Buena,7.57,4501,1800,12.67,160417,1160,26.02,28.02,4846.72,309.9271394
Atlantic,Buena Vista,41.08,7033,3052,14.29,207713,709,35.38,24.35,26291.2,2779.443567
Atlantic,Corbin City,7.7,471,236,11.44,206548,1403,22.03,51.69,4926.08,3892.985708
Atlantic,Egg Harbor,67.05,4396,1883,19.54,126249,1541,42.73,20.15,6944.64,135.3222487
Atlantic,Egg Harbor Twp,10.85,47842,20450,17.82,225841,1051,28.99,27.31,42910.08,5790.859575
Atlantic,Estell Manor,53.39,1668,758,12.93,196543,862,20.3,34.94,34167.68,22798.82768
Atlantic,Folsom,8.26,1811,754,13.26,206774,881,21.33,42.81,5288.96,741.4369089
Atlantic,Galloway,88.67,37813,16841,16.5,179480,798,31.26,25.59,56747.52,4792.145324
Atlantic,Hamilton,110.9,27484,12358,16.49,172393,1089,31.59,24.59,25240.32,29012.47454
Atlantic,Hammonton,40.75,14711,6290,11.67,233451,1022,23.77,31.65,26079.36,9345.076762
Atlantic,Linwood,3.81,6971,3003,11.79,298564,1972,24.36,36.84,2439.04,505.1169207
Atlantic,Longport,0.4,893,322,9.32,1184672,10499,22.02,46.92,252.8,11.42869512
Atlantic,Margate,1.42,5317,2453,11.09,625946,5565,26.97,38.96,906.24,75.75829595
Atlantic,Mullica,56.38,5816,2253,15.8,194083,1051,24.48,33.49,36080,10463.84476
Atlantic,Northfield,3.58,8434,3769,16.42,215189,1653,27.36,33.37,2292.48,406.0392193
Atlantic,Pleasantville,5.72,20629,9170,22.79,98363,1581,52.08,5.64,3661.44,265.4646819
Atlantic,Port Republic,7.46,1101,511,13.11,269119,1154,22.02,48.16,4775.68,1380.390406
Atlantic,Somers Point,4.01,10469,4792,16.36,214986,1635,28.94,30.69,2566.4,127.5288276
Atlantic,Ventnor,1.96,9210,4515,17.96,312762,3063,30.94,30.81,1251.2,118.3195664
Atlantic,Weymouth,11.82,2614,1212,12.87,225842,731,28.27,35.4,7566.08,1161.329841
Bergen,Allendale,3.1,6848,2825,7.86,702899,2200,23.77,34.25,1982.08,217.4816396
Bergen,Alpine,6.4,1762,816,5.27,2738453,3426,27.6,26.03,4096.64,2469.876226
Bergen,Bergenfield,2.9,28321,14571,8.97,400642,1570,41.65,15.13,1858.56,89.1278695
Bergen,Bogota,0.75,8778,4506,11.27,380110,1305,45.33,14.94,483.2,13.54902998
Bergen,Carlstadt,3.95,6372,3404,12.13,401838,3792,31.16,22.19,2526.08,11.7563134
Bergen,Cliffside Park,0.96,25693,13242,8.81,440045,1526,45.62,12.37,611.84,11.86173622
Bergen,Closter,3.16,8594,3829,7.81,720285,2003,32.06,21.23,2022.4,241.594711
Bergen,Cresskill,2.06,9155,3853,7.42,748849,2509,29.66,23.27,1321.6,101.2391664
Bergen,Demarest,2.07,4981,2196,6.74,954784,2190,35.3,19.11,1326.08,173.1926136
Bergen,Dumont,1.95,17863,9634,9.3,406900,1386,33.83,20.34,1247.36,41.12486057
Bergen,East Rutherford,3.71,10022,5737,9.57,446369,2787,33.97,24.97,2375.68,37.05299135
Bergen,Edgewater,0.97,14336,7319,7.05,578660,2318,43.45,12.86,621.44,118.4989031
Bergen,Elmwood Park,2.64,21422,10693,13.42,383330,1414,38.47,18.72,1691.52,44.02714272
Bergen,Emerson,2.23,7290,3611,8.53,494499,5237,22.19,39.93,1427.84,28.01490206
Bergen,Englewood,4.93,29308,14972,9.96,539329,5207,60.76,8.72,3152,232.5605198
Bergen,Englewood Cliffs,2.13,5342,2005,8.28,1345352,8139,31.56,22.25,1360.64,294.7622618
Bergen,Fair Lawn,5.14,34927,17797,8.95,421203,4896,37,20.21,3286.4,232.7493839
Bergen,Fairview,0.84,15025,7790,9.36,406046,2878,51.51,10.83,540.16,6.17127224
Bergen,Fort Lee,2.52,40191,19738,8.01,517344,4624,44.07,14.91,1611.52,241.3822723
Bergen,Franklin Lakes,9.41,11079,5115,7.72,1073277,7109,17.91,42.1,6024.96,566.1979925
Bergen,Garfield,2.11,32655,16450,14.61,367381,2412,38.32,12.52,1351.04,68.53773995
Bergen,Glen Rock,2.7,12133,5812,6.4,655502,6750,35.95,22.87,1729.92,138.7681125
Bergen,Hackensack,4.19,46030,24183,11.4,269467,4733,49.76,11.11,2682.24,129.7203068
Bergen,Harrington Park,1.85,4741,2198,7.64,616999,6092,29.02,24.06,1181.44,115.8111664
Bergen,Hasbrouck Heights,1.52,12125,5953,10.33,428814,4796,28.43,33.96,979.2,0
Bergen,Haworth,1.94,3343,1577,6.66,728027,7564,36.16,20.65,1239.68,118.8832982
Bergen,Hillsdale,2.9,10143,4996,8.47,524210,5310,27.89,27.56,1857.28,125.6817637
Bergen,Ho-Ho-Kus,1.74,4258,1992,5.37,864468,7100,22.58,41.61,1112.96,33.0807676
Bergen,Leonia,1.52,9304,4471,8.99,546603,4769,53.94,12.93,974.72,301.4832485
Bergen,Little Ferry,1.48,10987,6306,11.62,338830,3782,38.39,13.82,945.28,61.51905122
Bergen,Lodi,2.27,26206,12842,13.85,429235,3478,41.24,13.68,1454.08,35.98933718
Bergen,Lyndhurst,4.58,22519,11688,11.94,458693,3911,32.94,20.51,2933.76,518.3607809
Bergen,Mahwah,25.39,25487,14028,7.92,530798,4915,26.2,30.03,16250.88,8354.86364
Bergen,Maywood,1.29,10080,5245,10.05,406596,4421,35.76,19.71,823.68,22.70996705
Bergen,Midland Park,1.57,7014,3783,8.86,476373,5245,22.95,40.32,1005.44,7.75263236
Bergen,Montvale,4.02,8436,3975,8.1,599210,6772,25.77,28.52,2574.72,42.69422198
Bergen,Moonachie,1.73,3133,1483,15.17,410902,8619,41.48,13.49,1107.2,4.56391559
Bergen,New Milford,2.28,16923,8705,9.27,426888,3863,33.78,19.7,1461.12,101.8976285
Bergen,North Arlington,2.48,16457,8049,12.1,376781,3729,36.93,20.17,1589.76,34.19480621
Bergen,Northvale,1.26,4761,2506,8.14,452260,5830,34.06,20.61,809.6,9.97231627
Bergen,Norwood,2.79,5641,2654,7.8,599691,5730,31.37,22.62,1782.4,347.9510092
Bergen,Oakland,8.5,12748,6539,9.05,498789,5549,23.63,30.49,5441.28,1682.389344
Bergen,Old Tappan,3.32,5888,2599,7.27,828786,6918,22.11,28.76,2121.6,91.98255152
Bergen,Oradell,2.41,8244,4120,6.77,597290,6412,27.43,28.94,1543.04,136.9263286
Bergen,Palisades Park,1.24,20292,11902,10.78,660648,2787,48.4,12.63,792.96,84.83554797
Bergen,Paramus,10.44,26698,12485,9.53,611400,7244,29.51,21.85,6684.8,618.7251785
Bergen,Park Ridge,2.61,8883,4189,8.43,554373,6001,26.97,27.68,1668.48,126.1561619
Bergen,Ramsey,5.5,14798,8107,7.13,555192,1721,25.45,30.29,3521.92,333.4602364
Bergen,Ridgefield,2.54,11501,5899,11.34,519167,2040,37.46,20.62,1627.52,68.30203265
Bergen,Ridgefield Park,1.7,13224,6968,11.67,366392,5675,41.42,14.92,1091.2,126.702748
Bergen,Ridgewood,5.74,25979,11343,6.27,816537,2057,33.34,24.2,3674.88,272.6180002
Bergen,River Edge,1.83,12049,5758,8.39,521852,1487,32.94,19.38,1173.12,146.2598778
Bergen,River Vale,4.07,9909,4681,8.12,593091,1797,25.77,29.03,2604.8,218.2973837
Bergen,Rochelle Park,0.99,5814,2985,11.93,355814,2312,32.71,21.49,634.24,71.0211179
Bergen,Rockleigh,1,407,125,7.2,1379304,2740,20.62,31.13,641.92,253.7457273
Bergen,Rutherford,2.78,18834,9839,8.45,500906,1799,38.06,22.22,1779.84,48.85585007
Bergen,Saddle Brook,2.69,14294,7286,12.3,402545,1859,35.61,20.51,1722.88,91.20484615
Bergen,Saddle River,4.92,3372,1421,7.04,1829544,4502,12.97,58.07,3146.24,30.72676664
Bergen,South Hackensack,0.72,2701,1347,13.21,404185,4155,35.2,18.95,458.88,4.99395324
Bergen,Teaneck,6.04,41246,19701,8.71,474135,1795,53.94,11.85,3866.24,732.5618921
Bergen,Tenafly,4.59,15409,6152,6.83,956287,2173,39.79,15.4,2935.04,669.6816327
Bergen,Teterboro,1.11,61,41,19.51,177349,89766,37.5,25,710.4,0
Bergen,Upper Saddle River,5.25,8353,3803,6.65,933802,1652,21.43,32.33,3361.92,68.93222097
Bergen,Waldwick,2.05,10058,5401,8.35,451316,1420,26.36,27.47,1309.44,49.92984136
Bergen,Wallington,0.99,11868,6258,11.9,395860,2640,31.9,18.25,636.16,28.05987751
Bergen,Washington Twp,2.95,9285,4607,8.99,531470,1494,23.24,37.33,1889.92,59549.23301
Bergen,Westwood,2.26,11282,5825,8.46,459467,1806,33.48,27.94,1445.76,139.9484929
Bergen,Wood-Ridge,1.11,10137,5291,9.11,422943,2225,35.38,19.1,1008,12.02262883
Bergen,Woodcliff Lake,3.38,6128,2857,7.35,796262,2254,28.97,25.74,2160.64,93.79633481
Bergen,Wyckoff,6.59,16585,7813,7.65,798654,1208,22.05,37.24,4228.48,151.5706416
Burlington,Bass River,75.12,1355,724,12.43,223339,1065,19.7,38.67,48079.36,22218.29246
Burlington,Beverly,0.54,2499,1264,11.08,128511,1293,47.88,17.71,486.4,0
Burlington,Bordentown,0.93,3993,2344,8.19,218060,1661,42.44,19.35,598.4,120.5237628
Burlington,Bordentown Twp,8.66,11791,6686,7.46,304427,1449,32.8,21.25,5544.32,867.4185641
Burlington,Burlington,3.04,9743,5296,10.86,147833,1896,51.43,16.07,1942.4,600.7676168
Burlington,Burlington Twp,13.48,23983,11996,8.24,261941,1080,47.19,16.59,8624.64,586.0027006
Burlington,Chesterfield,21.31,9422,2809,7.69,399338,710,31.77,29.75,13639.04,228.3232304
Burlington,Cinnaminson,7.42,17064,8475,7.28,270751,972,33.21,32.12,4751.36,253.9757954
Burlington,Delanco,2.36,4824,2482,8.46,207272,1518,41.34,23.54,1509.12,286.6724978
Burlington,Delran,6.63,17882,9113,7.73,242595,1118,38.59,23,4243.2,709.9168701
Burlington,Eastampton,5.73,6191,3543,7.48,254227,1010,36.48,22.99,3667.2,1058.137084
Burlington,Edgewater Park,2.92,8930,4629,8.12,178325,955,48.07,16.16,1868.16,118.9664145
Burlington,Evesham,29.16,46826,25839,7.16,287951,894,32.2,26.35,18659.84,3717.620966
Burlington,Fieldsboro,0.28,526,319,7.84,208786,1946,47.15,21.76,178.56,6.20483886
Burlington,Florence,9.77,12812,6989,8.1,225642,1094,33.52,26.49,6252.16,200.5628214
Burlington,Hainesport,6.47,6035,3227,7.22,318573,818,30.04,35.21,4140.8,784.8307779
Burlington,Lumberton,12.88,12803,6266,8.22,306836,783,37.78,24.63,8243.84,396.2139382
Burlington,Mansfield,21.73,8897,3890,8.3,312612,1061,31.62,33.01,13909.12,5237.251097
Burlington,Maple Shade,3.83,19980,10702,9.44,175323,1026,43.88,19.19,2449.28,105.2764527
Burlington,Medford,38.8,24497,12213,6.71,370784,936,26.6,35.17,24831.36,5529.105903
Burlington,Medford Lakes,1.14,4264,2064,7.75,321302,1239,28.82,32.69,812.8,0
Burlington,Moorestown,14.73,21355,10202,5.77,555211,1305,33.17,32.67,9426.56,683.2597801
Burlington,Mount Holly,2.82,9981,4763,11.06,176379,1136,42.23,18.81,1807.36,155.938742
Burlington,Mount Laurel,21.72,44633,22455,7.63,267691,1076,37.06,24.35,13903.36,1504.790288
Burlington,New Hanover,22.33,6367,1181,8.89,276249,226,25.43,45.72,14293.76,29.5816991
Burlington,North Hanover,17.37,7963,2998,8.77,319958,523,24.71,33.52,11115.52,177.3960411
Burlington,Palmyra,1.85,7438,3933,8.52,162846,1238,43.93,21.73,1183.36,205.70752
Burlington,Pemberton,0.59,1371,731,8.21,202984,1464,35.05,31.91,377.6,61.07494944
Burlington,Pemberton Twp,61.56,26903,11807,10.26,166312,930,35.33,22.04,39395.84,10949.50054
Burlington,Riverside,1.48,8003,4424,8.27,148039,967,37.08,19.58,949.76,92.03327833
Burlington,Riverton,0.66,2764,1431,6.78,298719,1248,38.69,32.2,423.68,17.11424292
Burlington,Shamong,44.45,6460,3403,8.17,338126,566,19.77,36.92,28449.28,17562.65536
Burlington,Southampton,43.96,10317,4513,9.64,238534,728,25.34,39.9,28132.48,3455.289704
Burlington,Springfield,29.51,3245,1761,7.61,315255,1298,19.4,48.27,18887.68,1497.089676
Burlington,Tabernacle,49.2,6776,3758,7.85,298864,766,20.32,41.42,31489.28,15551.39055
Burlington,Washington Twp,101.66,693,440,9.55,256417,2048,20.7,45.31,65063.04,59549.23301
Burlington,Westampton,10.97,9121,4886,7.33,254294,1419,45.96,19.68,7023.36,1303.026263
Burlington,Willingboro,7.73,31889,15877,10.76,162237,1482,67.09,5.6,4944,450.3163264
Burlington,Woodland,92.64,1544,971,7.11,238899,811,14.87,59.38,59288.32,40397.17796
Burlington,Wrightstown,1.85,720,382,9.16,171373,3190,35.46,27.16,4218.24,20.87413334
Camden,Audubon,1.48,8707,5169,8.07,208873,1335,42.91,18.75,948.48,21.352897
Camden,Audubon Park,0.15,991,496,12.9,,1109,55.91,13.5,108.8,0
Camden,Barrington,1.58,7075,3559,9.19,208301,1357,42.2,19.14,1011.84,3.70475934
Camden,Bellmawr,2.98,11707,5997,10.91,175611,1364,49.69,14.99,1909.76,59.04494974
Camden,Berlin,3.59,7489,4111,10.05,235164,1275,33.05,24.15,2300.16,225.069594
Camden,Berlin Twp,3.34,5867,3024,12,197134,1901,43.2,17.44,2138.88,31.56827567
Camden,Brooklawn,0.49,1815,1065,12.58,117835,1980,43.52,13.2,312.32,28.93299953
Camden,Camden,8.92,71791,26508,16.25,60986,2519,53.37,3.62,5709.44,477.2953406
Camden,Cherry Hill,24.07,74553,37320,7.59,258877,1044,44.41,17.97,15406.08,1469.8928
Camden,Chesilhurst,1.72,1536,734,11.44,162499,2148,56.58,11.44,1097.6,19.78258701
Camden,Clementon,1.89,5338,2747,10.99,122479,1261,41.57,15.53,1211.52,250.8220566
Camden,Collingswood,1.83,14186,7957,7.92,243881,1420,53.21,13.37,1171.2,118.7752966
Camden,Gibbsboro,2.15,2189,1173,7.76,248441,1554,39.64,23.16,1377.28,173.8715416
Camden,Gloucester City,22.95,11484,5479,11.77,111314,1838,47.24,13.21,1481.6,66.00269769
Camden,Gloucester Twp,2.31,66034,35532,9.58,200165,1067,44.26,17.1,14690.56,863.1887849
Camden,Haddon Heights,1.57,7495,4043,6.8,294176,1151,42.45,22.77,1002.24,77.32912769
Camden,Haddon Twp,2.69,15407,7970,6.56,261655,967,45.97,19.25,1722.88,207.8088605
Camden,Haddonfield,2.8,12550,5547,5.14,535949,1722,40.34,23.82,1789.44,209.8024004
Camden,Hi-Nella,0.22,927,471,9.77,147409,1112,44.98,16.02,147.2,0
Camden,Laurel Springs,0.45,1978,1113,9.52,175960,1767,40.71,20.25,288.64,13.50668872
Camden,Lawnside,1.43,2955,1191,12.17,136548,1745,71.03,3.08,915.2,33.25384759
Camden,Lindenwold,3.9,21641,9282,11.92,97042,969,53.02,9.07,2497.28,275.5956734
Camden,Magnolia,0.98,4352,2452,10.52,161254,1381,45.86,15.26,625.92,7.56587857
Camden,Merchantville,0.59,3820,1712,11.62,202111,1358,46.41,17.08,379.52,9.30156546
Camden,Mount Ephraim,0.88,4651,2522,10.27,155158,1426,45.49,16.51,565.76,21.766658
Camden,Oaklyn,0.63,3930,2299,8.53,184165,1585,47.91,16.06,401.28,48.24537212
Camden,Pennsauken,10.48,37074,18893,10.53,153356,1141,50.96,10.57,6706.56,530.2270891
Camden,Pine Hill,3.91,10743,5342,11.92,126679,950,47.44,12.39,3114.24,403.4497952
Camden,Pine Valley,0.95,21,7,0,555016,54818,23.08,69.23,623,0
Camden,Runnemede,2.05,8324,4245,10.72,162407,1068,51.81,14.45,1312.64,89.87709184
Camden,Somerdale,1.39,5566,2904,10.5,164470,1369,52.42,12.15,890.88,39.70085377
Camden,Stratford,1.57,6981,3544,10.41,172806,1012,40.31,19.34,1004.8,71.31254231
Camden,Tavistock,0.27,9,4,0,1716396,31107,33.33,22.22,179.2,0
Camden,Voorhees,11.47,31069,14691,7.11,294707,1447,42.04,18.46,7341.44,590.2701122
Camden,Waterford,36,10421,5674,10.31,197811,1151,34.79,23.63,23041.28,14288.90745
Camden,Winslow,57.42,39907,19850,10.8,185351,860,49.71,14.35,36746.88,8770.601817
Camden,Woodlynne,0.22,2902,1421,11.61,72028,1209,55.28,6.13,139.52,5.95724802
Cape May,Avalon,4.27,1243,494,10.32,1827230,22851,15.62,55.93,2732.8,1900.83701
Cape May,Cape May,2.47,2768,45492,13.82,735033,5894,29.15,39.04,1582.72,865.1311865
Cape May,Cape May Point,0.29,305,90,7.78,786159,6955,42.08,40.44,188.8,35.81082556
Cape May,Dennis,60.42,6285,3300,10.45,196768,788,23.34,35.36,38669.44,19528.32815
Cape May,Lower Township,27.38,22057,11076,14.61,274123,1352,23.09,39.49,17521.92,5908.156593
Cape May,Middle Township,70.24,20380,8924,15.77,252402,1224,25.71,33.51,44952.32,17795.7177
Cape May,North Wildwood,1.73,3621,1752,16.95,340445,8341,19.94,51.72,1104,201.2937956
Cape May,Ocean City,6.75,11229,5272,10.47,694319,7231,23.38,42.88,4321.92,1958.210941
Cape May,Sea Isle City,2.2,2104,880,9.66,822569,12206,20.91,53.58,1410.56,664.7510126
Cape May,Stone Harbor,1.42,796,340,8.82,1762038,20945,12.58,71.02,908.8,192.7716071
Cape May,Upper Township,62.03,12539,6385,10.62,304800,1157,18.4,47,39697.28,18097.59596
Cape May,West Cape May,1.17,1010,495,12.73,565153,2736,37.48,34.53,750.72,21.08251566
Cape May,West Wildwood,0.29,540,236,15.25,286634,5306,30,43.33,183.04,0.1469246
Cape May,Wildwood,1.54,5157,2686,22.49,228571,6087,27.18,25.76,986.24,109.1166925
Cape May,Wildwood Crest,1.3,3101,1602,16.04,388482,8240,21.51,42.57,830.72,151.2215937
Cape May,Woodbine,8.02,2128,953,11.12,106138,1028,25.77,31.98,5132.16,401.0231186
Cumberland,Bridgeton,6.23,27263,8067,10.18,77167,1039,39.84,10.35,3985.92,442.3645341
Cumberland,Commercial,31.91,4669,1963,13.5,98317,920,33.93,22.19,20424.96,9211.184665
Cumberland,Deerfield,16.84,3136,1615,8.24,148552,691,27.92,29.21,10778.88,163.4162347
Cumberland,Downe,48.4,1399,619,9.53,118489,1255,19.94,45.36,30977.92,23814.33773
Cumberland,Fairfield,41.12,5546,2135,12.18,142843,673,48.27,13.59,6481.92,13774.63692
Cumberland,Greenwich,17.77,771,374,8.29,165181,1405,29.8,32.15,11374.08,1805.164131
Cumberland,Hopewell,29.89,4391,2223,7.38,166623,625,25.67,30.86,37165.44,9933.807646
Cumberland,Lawrence,36.92,3087,1631,10.79,165078,786,27.71,25.19,13904,12603.58008
Cumberland,Maurice River,93.17,6218,1395,12.76,160866,765,24.79,29.15,59626.24,32871.59076
Cumberland,Millville,42,27491,13320,11.55,134569,1268,31.01,18.56,26879.36,9188.048694
Cumberland,Shiloh,1.2,444,281,6.41,156991,682,19.76,41.03,768,0
Cumberland,Stow Creek,18.27,1312,725,7.45,187166,469,21.73,39.13,11690.24,1883.560497
Cumberland,Upper Deerfield,31.24,7645,3462,9.07,175661,764,28.18,26.91,19994.24,506.7058899
Cumberland,Vineland,68.39,60780,28466,10.94,166445,1209,32.92,17.72,43771.52,7282.141135
Essex,Belleville,3.3,38222,19624,11.92,290964,1953,41.18,13.75,2109.44,220.6369193
Essex,Bloomfield,5.34,53105,27142,10.82,348761,1814,50.63,12.69,3415.68,215.5162568
Essex,Caldwell,1.18,9027,4194,8.68,495487,1510,35.74,24.38,753.92,33.85896263
Essex,Cedar Grove,4.24,12980,6090,8.72,511760,1265,28.46,28.21,2711.68,503.7835783
Essex,East Orange,3.93,69612,30076,14.31,257003,2374,65.93,1.74,2513.92,48.54137633
Essex,Essex Fells,1.41,2244,955,6.39,987093,2906,22.59,47.88,901.12,17.57910724
Essex,Fairfield,10.13,7872,3662,11,603218,3149,18.89,44.77,26316.16,13774.63692
Essex,Glen Ridge,1.27,7802,3547,4.62,743229,2076,49.56,15.95,816,28.5076077
Essex,Irvington,2.91,61176,25484,14.45,169354,2180,59.6,2.06,1864.96,56.60920144
Essex,Livingston,13.79,31330,14140,6.94,710652,1576,37.72,17.54,8822.4,2045.15595
Essex,Maplewood,3.87,25684,12528,7.39,553956,1856,65.36,6.41,2479.36,542.1928482
Essex,Millburn,9.33,21710,8670,5.25,1287946,2980,38.4,18.6,5973.12,1747.837698
Essex,Montclair,6.24,40921,19369,7.24,713226,2214,63.08,7.72,3992.32,289.809781
Essex,Newark,24.14,311549,119436,14.69,217111,2496,56.06,3.38,15452.16,864.5973751
Essex,North Caldwell,3.07,6694,3427,5.98,765954,1529,26.94,31.92,1963.52,97.60933856
Essex,Nutley,3.37,30143,14763,9.93,414937,2051,33.87,21.79,2158.08,135.9420278
Essex,Orange,2.21,34447,14205,13.57,212842,2557,62.79,2.39,1416.32,65.3179662
Essex,Roseland,3.62,6299,3049,8.92,504765,2790,33.58,30.61,2315.52,472.1268449
Essex,South Orange,2.85,18484,7925,6.57,643453,2230,64.33,7.17,1821.44,94.0757225
Essex,Verona,2.79,14572,6987,8.14,466112,1879,36.04,23.49,1788.16,233.9625928
Essex,West Caldwell,5.1,11012,5084,8.91,485005,1948,30.65,28.95,3262.08,613.0400166
Essex,West Orange,12,48843,23583,9.16,403949,1916,52.62,10.6,7681.92,1405.984143
Gloucester,Clayton,7.07,8807,4312,11.69,162334,996,39.95,33.32,4528,1531.765778
Gloucester,Deptford,17.33,31977,15772,10.27,192836,1185,43.05,16.61,11091.84,473.4497574
Gloucester,East Greenwich,14.44,11706,5444,6.98,303441,823,32.55,23.9,9243.52,375.248154
Gloucester,Elk,19.16,4424,2073,8.06,225835,1332,34.27,25.42,12260.48,119.4586279
Gloucester,Franklin Twp,55.83,16380,8577,10.7,206588,979,29.51,25.49,35731.2,12479.8207
Gloucester,Glassboro,9.32,23149,9835,9.08,192191,1389,40.44,17.22,5964.8,1235.169951
Gloucester,Greenwich,8.98,4917,2368,9.04,168939,3074,51.81,17.53,5748.48,1805.164131
Gloucester,Harrison Twp,18.93,13641,6741,6.62,362541,1037,26.51,34.64,12116.48,261.6697992
Gloucester,Logan,21.93,6000,3265,6.65,225148,2398,45.29,20.8,14033.92,449.7752048
Gloucester,Mantua,16,15235,7879,8.4,228217,1051,35.46,21.76,10243.2,1014.796853
Gloucester,Monroe,46.42,37117,18837,10.73,209042,1015,45.16,19.02,29709.44,8872.375618
Gloucester,National Park,1.01,3026,1504,11.5,139716,1253,46.34,14.6,644.48,38.1302825
Gloucester,Newfield,1.74,1774,812,11.08,186413,1132,41.18,23.86,1112.32,37.27078267
Gloucester,Paulsboro,1.92,6196,2708,14.33,98939,1469,59.22,8.44,1231.36,21.53357913
Gloucester,Pitman,2.22,8780,4739,8.99,188688,1063,32.67,24.05,1419.52,94.81411456
Gloucester,South Harrison,15.9,3395,1596,7.64,352414,738,30.48,31.71,10172.8,180.4648096
Gloucester,Swedesboro,0.73,2711,1418,7.9,188336,1118,34.65,20.33,467.84,18.8765565
Gloucester,Washington Twp,21.35,48677,25452,8.9,241777,902,36.12,26.24,13661.44,59549.23301
Gloucester,Wenonah,1,2283,1200,6.67,264659,1168,36.4,23.74,637.44,132.1599326
Gloucester,West Deptford,15.36,22197,11130,8.96,215751,1738,39.16,19.32,9828.48,448.3873859
Gloucester,Westville,1.02,4264,2249,12.94,129760,1499,36.23,19.75,655.36,66.55032979
Gloucester,Woodbury,2.02,9963,4995,10.59,150059,1465,43.45,17.43,1292.8,140.9588357
Gloucester,Woodbury Heights,1.25,3098,1648,8.8,183881,1418,39.2,19.88,797.44,27.83319491
Gloucester,Woolwich,21.07,12577,6508,5.35,329514,937,30.86,25.45,1184,894.5082638
Hudson,Bayonne,5.82,71686,33192,12.63,418690,134,51.82,11.43,3725.44,216.8769688
Hudson,East Newark,0.1,2594,1360,11.25,372845,13972,67.73,6.06,65.92,0.62593332
Hudson,Guttenberg,0.19,12017,6110,10.05,382330,820,62.03,8.34,123.52,1.33299029
Hudson,Harrison,1.21,19450,10324,8.93,422185,271,63.58,6.83,775.04,38.71202709
Hudson,Hoboken,1.25,60419,34415,4.72,776262,301,44.39,14.79,800,103.4526167
Hudson,Jersey City,14.74,292449,138858,10.41,526430,108,54.48,7.41,9436.16,1699.569199
Hudson,Kearny,8.84,41999,20583,12.64,395829,365,46.43,12.81,5660.16,1178.285212
Hudson,North Bergen,5.14,63361,31852,12.23,372149,228,62.52,9.2,3287.04,202.3784677
Hudson,Secaucus,5.83,22181,11435,9.06,351172,654,51.98,12.34,3728.64,669.7776286
Hudson,Union City,1.29,68589,35236,13.8,361848,233,70.28,6.72,823.68,23.28554935
Hudson,Weehawken,0.78,17197,8808,7.9,777348,2602,51.88,12.57,501.76,35.26480607
Hudson,West New York,0.99,52912,28323,11.2,361082,70,58.04,11.38,636.16,37.44530385
Hunterdon,Alexandria,27.53,4809,2435,7.02,417546,4226,18.58,44.54,17621.76,1129.808736
Hunterdon,Bethlehem,20.68,3745,2040,6.57,398337,5026,21.29,41.54,13237.12,2578.126549
Hunterdon,Bloomsbury,0.93,792,435,8.05,239005,7366,27.06,37.34,596.48,134.422976
Hunterdon,Califon,0.96,1005,547,6.76,339688,6285,31.68,36.03,613.76,75.706981
Hunterdon,Clinton,1.35,2773,1371,6.86,358009,5131,28.71,31.86,861.44,222.5575875
Hunterdon,Clinton Twp,29.87,13505,5651,7.56,423058,5587,21.16,42.07,19116.16,6197.61165
Hunterdon,Delaware,36.66,4560,2472,5.87,429390,5057,26.21,40.71,23459.84,2542.829916
Hunterdon,East Amwell,28.45,3917,2113,7.05,407618,7934,28.64,32.17,18211.2,2362.606171
Hunterdon,Flemington,1.08,4876,2356,8.19,257212,3907,31.08,30.05,689.28,21.44732921
Hunterdon,Franklin Twp,23.04,3267,1697,5.48,422372,5532,19.82,44.41,14742.4,12479.8207
Hunterdon,Frenchtown,1.13,1370,745,8.05,303798,4769,41.81,24.13,721.92,203.3593377
Hunterdon,Glen Gardner,1.55,1682,1175,7.74,223768,5058,26.3,36.36,990.72,102.3280831
Hunterdon,Hampton Boro,1.51,1438,687,10.04,247733,3794,23.17,33.74,963.2,45.60026027
Hunterdon,High Bridge,2.39,3546,1749,9.38,238993,4768,27.85,35.12,1530.24,550.8603981
Hunterdon,Holland,23.47,5177,2608,7.21,311217,4403,20.29,42.1,15020.16,2164.354785
Hunterdon,Kingwood,35.01,3802,1832,7.42,372951,4345,17,49.64,22403.84,2128.625503
Hunterdon,Lambertville,1.08,4139,2193,5.75,400588,5174,57.6,15.98,693.76,76.20428945
Hunterdon,Lebanon,0.9,1665,928,9.16,275801,4750,23.37,39.28,577.28,19.96495965
Hunterdon,Lebanon Twp,31.43,6195,3192,7.74,379827,4368,19.82,41.93,20114.56,4828.784492
Hunterdon,Milford,1.18,1232,649,8.01,236113,4093,29.82,35.42,756.48,139.7553902
Hunterdon,Raritan Twp,37.48,23447,11516,7.04,423041,5030,24.29,33.23,23988.48,2526.86975
Hunterdon,Readington,47.56,16128,8271,7.29,434243,5421,18.95,46.9,30437.12,3679.59105
Hunterdon,Stockton,0.55,495,262,7.25,351720,4352,44.27,29.96,349.44,133.9684947
Hunterdon,Tewksbury,31.65,5870,2643,5.98,640264,6937,19.53,46.72,20252.8,1774.279562
Hunterdon,Union Twp,18.77,6507,2385,7.51,368145,3907,21.14,39.98,12009.6,4876.345574
Hunterdon,West Amwell,21.65,3005,1342,7.15,418634,5397,27.83,35.38,13854.08,2160.700791
Mercer,East Windsor,15.57,30045,16512,6.47,272308,829,41.92,15.19,9962.88,1360.068354
Mercer,Ewing,15.21,37264,20038,7.58,197784,1366,48.85,14.14,9731.84,633.3176688
Mercer,Hamilton,39.44,92297,52127,8.21,229576,1238,34.92,20.39,70972.8,29012.47454
Mercer,Hightstown,1.23,5900,3539,6.19,247006,1465,42.59,18.87,789.12,1.11064497
Mercer,Hopewell,0.72,1918,1209,4.8,440335,1775,52.5,15.85,463.36,21.92268152
Mercer,Hopewell Twp,58.07,17491,10102,4.52,493749,1375,37.55,23.37,19129.6,9933.807646
Mercer,Lawrence,21.72,33077,19306,5.84,307276,1593,45.44,15.68,23630.72,12603.58008
Mercer,Pennington,0.96,2802,1419,4.09,496746,1427,47.91,19.51,615.04,8.74149497
Mercer,Princeton (as of 1/1/2013),17.95,30681,16888,3.97,1018608,2118,54.99,10.46,11485.44,1634.255515
Mercer,Robbinsville,20.44,15476,8553,5.94,404251,1866,29.9,23.84,13082.24,2240.981379
Mercer,Trenton,7.58,90871,40540,10.88,65076,2703,54.64,4.58,4850.56,431.9065842
Mercer,West Windsor,25.55,29518,14900,4.09,594853,1524,39.38,14.91,16351.36,4843.346506
Middlesex,Carteret,4.39,25326,11778,11.57,275649,1920,50.3,10.28,2810.24,138.3694505
Middlesex,Cranbury,13.28,3842,2042,6.32,662471,3540,37.15,24.53,8501.12,309.4331811
Middlesex,Dunellen,1.06,7637,4501,9,298803,1075,34.54,20.27,679.68,10.1301545
Middlesex,East Brunswick,21.78,49715,25850,7.83,380312,1542,35.99,19.09,13941.76,2748.451849
Middlesex,Edison,30.07,107588,53697,7.16,448179,1522,50.24,13.25,19243.52,1974.889665
Middlesex,Helmetta,0.83,2455,1284,9.5,250030,1082,28.96,22.77,529.92,195.5530797
Middlesex,Highland Park,1.82,15072,7640,6.69,349462,1242,59.71,9.36,1165.44,159.2294988
Middlesex,Jamesburg,0.88,5783,2891,9.65,235953,1053,34.68,19.06,564.48,17.30525043
Middlesex,Metuchen,2.85,15049,7950,6.47,324883,1507,46.49,16.13,1823.36,96.12506452
Middlesex,Middlesex Borough,3.49,14636,7689,10.08,354335,1546,30.69,22.77,2232.32,186.4182219
Middlesex,Milltown,1.55,7037,4285,6.98,392395,1496,33.82,19.86,994.56,72.55042019
Middlesex,Monroe,41.94,48594,17984,8.84,285192,1432,37.88,22.99,26843.52,8872.375618
Middlesex,New Brunswick,5.23,55266,26450,7.96,328277,1660,45.63,5.36,3349.12,306.0291588
Middlesex,North Brunswick,12.03,43905,23637,8.6,375525,1255,44.09,12.18,7700.48,788.3182828
Middlesex,Old Bridge,38.18,66876,36631,8.67,427944,903,32.37,22.22,24435.84,5605.886243
Middlesex,Perth Amboy,4.66,55436,25815,15.68,258757,1535,48.82,6.6,2983.68,118.5372708
Middlesex,Piscataway,18.79,60804,29634,8.29,375949,1330,45.7,10.75,12028.16,1194.624478
Middlesex,Plainsboro,11.74,24084,12942,5.2,460735,1371,41.86,12.08,7512.32,1617.077208
Middlesex,Sayreville,15.83,45345,23876,8.96,330955,1441,41.01,16.19,10131.2,863.0769827
Middlesex,South Amboy,1.54,9411,5203,8.92,300877,2071,43.68,16.53,984.32,41.56841856
Middlesex,South Brunswick,40.61,47043,24844,6.75,448855,1363,40.94,14.36,25992.96,4465.920461
Middlesex,South Plainfield,8.3,24338,13535,8.58,372762,1304,35.28,18.11,5309.44,329.2341754
Middlesex,South River,2.78,16118,8301,10.73,293470,1195,35.62,18.26,1782.4,227.7930346
Middlesex,Spotswood,2.31,8163,4620,8.96,297782,1451,29.47,24.31,1476.48,110.1763592
Middlesex,Woodbridge,23.26,103639,53233,9.25,307620,1812,43.2,14.41,14885.12,789.2383205
Monmouth,Aberdeen,5.44,19329,10631,8.97,561551,1141,32.67,21.17,3456,632.4345043
Monmouth,Allenhurst,0.25,472,291,6.53,328604,12021,25.36,33.53,160,15.59183449
Monmouth,Allentown,0.6,1734,986,7.2,2512793,1744,31.06,24.91,381.44,67.4636141
Monmouth,Asbury Park,1.43,15188,7447,12.17,305970,3262,46.35,7.77,914.56,111.4917207
Monmouth,Atlantic Highlands,1.26,4414,2561,7.54,379313,2252,31.01,28.43,808.96,73.17202634
Monmouth,Avon By The Sea,0.43,1933,936,7.59,496964,2971,25.76,30.9,272.64,29.77924969
Monmouth,Belmar,1.05,5907,3355,9.21,1117897,3233,29.42,25.09,668.8,71.33669427
Monmouth,Bradley Beach,0.61,4282,2453,9.09,634146,2384,34.92,19.68,390.4,68.39902473
Monmouth,Brielle,1.76,4982,2256,8.51,671674,2029,18.75,41.76,1123.84,34.52617373
Monmouth,Colts Neck,30.72,9957,4454,7.95,736164,1266,15.5,43.55,19657.6,1964.969204
Monmouth,Deal,1.18,900,339,6.78,849601,18892,21.02,28.88,757.76,9.06646927
Monmouth,Eatontown,5.84,13597,7193,10.57,3088810,2253,30.57,21.88,3738.24,235.8917129
Monmouth,Englishtown,0.57,2346,1072,9.98,399227,1360,23.58,26.13,364.8,18.57456529
Monmouth,Fair Haven,1.59,6269,2709,5.09,323831,1673,27.85,30.04,1019.52,95.07231276
Monmouth,Farmingdale,0.52,1504,820,10.61,878876,796,21.53,33.68,332.8,0
Monmouth,Freehold,1.93,12538,6229,7.82,328515,1448,35.38,18.17,1236.48,11.8597135
Monmouth,Freehold Twp,38.65,35369,18231,8.71,278326,1288,25.12,27.94,24737.92,7905.109223
Monmouth,Hazlet,5.57,20125,10571,9.58,421494,1097,27.72,25.89,3564.16,440.9769871
Monmouth,Highlands,0.74,4621,2752,10.17,447350,2513,29.85,26.3,473.6,34.34494843
Monmouth,Holmdel,17.85,17400,7751,6.88,349719,1569,20.45,36.36,11422.08,1723.726186
Monmouth,Howell,60.27,53537,28306,9.07,285851,1058,22.97,28.71,38573.44,6022.356584
Monmouth,Interlaken,0.33,828,417,7.19,695480,3242,28.03,46.24,249.6,0
Monmouth,Keansburg,1.07,9755,5192,12.38,383509,1961,30,19.39,686.08,39.97187735
Monmouth,Keyport,1.38,7204,4020,10.32,785388,1604,31.94,23.86,883.84,37.64580524
Monmouth,Lake Como,0.25,1697,944,9.75,2237690,2207,31.36,21.43,161.28,11.63744186
Monmouth,Little Silver,2.71,6131,2909,6.05,183891,1945,25.63,33.97,1735.68,104.9658609
Monmouth,Loch Arbour,0.09,224,107,5.61,290127,6887,39.86,24.48,55.68,6.01543658
Monmouth,Long Branch,5.12,31667,15995,8.73,688213,1999,37.22,16.47,3279.36,160.4430021
Monmouth,Manalapan,30.65,40905,20901,8.97,1162112,926,26.79,24.79,19616.64,2170.538913
Monmouth,Manasquan,1.38,5938,3076,7.8,516637,2038,23.87,32.22,883.2,143.4057232
Monmouth,Marlboro,30.34,41502,19820,7.63,480487,1029,28.16,21.81,19417.6,2357.639584
Monmouth,Matawan,2.27,9565,4868,9.06,778429,1559,31.2,23.67,1450.24,157.6619986
Monmouth,Middletown,40.95,67106,34266,8.67,360250,1310,24.61,29.62,26207.36,3971.683495
Monmouth,Millstone Twp,36.61,10376,5811,6.99,452125,772,18.92,38.47,23428.48,5325.567911
Monmouth,Monmouth Beach,1.04,3174,1747,6.64,593237,2401,23.28,33.96,666.88,7.09453922
Monmouth,Neptune City,0.9,4626,2696,11.54,362750,1714,29.68,25.54,573.44,4.90576319
Monmouth,Neptune Twp,8.13,28061,15189,11.27,789991,1679,42.63,15.66,5201.28,614.3346885
Monmouth,Ocean Twp,10.87,27672,14760,8.95,542012,1466,30.57,22.75,6954.88,5484.107884
Monmouth,Oceanport,3.17,6150,2941,9.08,580377,1844,23.53,32.12,2030.08,171.3758564
Monmouth,Red Bank,1.75,12936,6788,7.41,257538,1932,39.11,20.39,1117.44,41.19242349
Monmouth,Roosevelt,1.94,808,409,8.56,1476547,1421,62.5,13.1,1241.6,563.0324887
Monmouth,Rumson,5.07,7343,2940,5.61,697318,2945,19.5,36.27,3242.88,173.406045
Monmouth,Sea Bright,0.72,1449,857,8.87,1907693,4652,24.51,33.44,460.8,3.71537051
Monmouth,Sea Girt,1.06,1866,807,7.19,601210,4085,14.63,55.33,678.4,64.89523795
Monmouth,Shrewsbury,2.16,4184,2124,6.83,150323,2455,25.06,32.3,1383.04,101.9549766
Monmouth,Shrewsbury Twp,0.1,1076,594,12.46,442592,1094,39.94,17.69,63.36,2.26108057
Monmouth,Spring Lake,1.33,2789,1108,6.86,521833,4187,18.76,45.16,852.48,200.9301431
Monmouth,Spring Lake Heights,1.29,4890,2466,9.37,402365,1530,27.05,33.59,828.8,33.38444573
Monmouth,Tinton Falls,15.47,19181,8879,8.65,319454,1573,30.86,26.06,9904,683.6856451
Monmouth,Union Beach,1.78,5723,2979,12.05,293877,2079,25.75,25.47,1140.48,319.3011684
Monmouth,Upper Freehold,46.48,7273,3380,7.37,526423,949,19.55,43.26,29744.64,6723.312877
Monmouth,Wall,30.66,26525,13308,8.05,533451,1711,19.71,36.05,19621.76,4341.203586
Monmouth,West Long Branch,2.86,8587,4074,8.47,529445,1648,24.32,27.07,1827.84,75.91963856
Morris,Boonton,2.34,8815,4986,8.26,390988,1995,28.5,35.16,1494.4,108.5461175
Morris,Boonton Twp,8.13,4380,1849,8.82,584267,1756,21.63,45.32,5203.84,1252.869293
Morris,Butler,2.03,8047,4445,7.9,339327,2107,23.67,33.32,1301.76,47.90219923
Morris,Chatham,2.35,9212,3952,4.98,824490,2230,29.02,30.31,1502.08,185.3834896
Morris,Chatham Twp,9.08,10983,4340,5.58,927765,1991,25.33,39.69,5809.92,1093.587686
Morris,Chester,1.59,1681,751,5.59,489912,3678,21.17,46.73,1018.88,159.9953088
Morris,Chester Twp,29.13,7713,3283,5.91,664581,2554,19.76,44.38,18644.48,6756.177149
Morris,Denville,11.99,17107,8381,7.9,441101,1809,24.22,40.62,7674.88,1545.317226
Morris,Dover,2.68,18460,10044,7.6,260481,1832,48.76,14.48,1712.64,184.9373432
Morris,East Hanover,7.87,11105,5570,9.17,495195,2806,24.12,37.55,5040,1040.45831
Morris,Florham Park,7.31,12585,5788,7.29,680963,2184,24.54,39.61,4677.12,497.6526525
Morris,Hanover,10.51,14677,7302,7.74,459719,2374,21.6,43.66,6728.32,871.2082994
Morris,Harding,20.05,3871,1497,6.35,1284224,3210,18.25,49.47,12834.56,999.2904578
Morris,Jefferson,38.9,20538,10560,9.51,316737,1591,21.12,37.93,24897.92,11002.02408
Morris,Kinnelon,18.03,9966,4625,7.29,578212,1707,18.88,47.57,11538.56,4215.891469
Morris,Lincoln Park,6.4,10915,5489,9.73,347978,2536,25.71,31.62,4094.72,1404.05785
Morris,Long Hill,11.8,8629,4325,6.89,537334,2222,23.06,36.75,7550.08,1292.256234
Morris,Madison,4.31,16937,8083,6.01,825808,2601,31.26,29.77,2760.32,246.243638
Morris,Mendham,5.93,4981,1956,6.24,701728,2035,23.55,43.17,3795.84,288.7855719
Morris,Mendham Twp,17.78,6016,2478,5.29,861425,2525,21.94,42.39,11381.76,2649.329904
Morris,Mine Hill,2.94,4015,1846,11.86,300434,1623,27.94,30.28,1880.96,499.089572
Morris,Montville,18.63,22450,10352,8.08,590424,1913,22.34,38.03,11921.28,2745.974138
Morris,Morris Plains,2.55,6153,3077,7.77,496159,2975,28.37,37.86,1634.56,129.7986675
Morris,Morris Twp,15.68,22974,10968,6.15,600153,1998,32.47,31.73,10036.48,2042.319238
Morris,Morristown,2.91,20180,11443,7.14,461253,2908,44.48,19.09,1861.76,205.0978354
Morris,Mount Arlington,2.14,5909,3255,8.88,341969,2502,23.5,40.19,1369.6,195.1883464
Morris,Mount Olive,29.62,28886,15191,8.35,349807,1358,25.29,32.04,18954.88,6538.669648
Morris,Mountain Lakes,2.64,4472,1769,5.26,827938,2900,29.03,30.83,1690.24,19.2274765
Morris,Netcong,0.83,3375,1519,12.11,253061,1617,27.04,36.98,533.12,106.2373879
Morris,Parsippany-Troy Hills,23.63,56162,27011,8.14,378248,1923,27.94,33.93,15124.48,3763.862818
Morris,Pequannock,6.79,15571,7477,8,461567,1689,23.16,38.07,4343.68,777.7141408
Morris,Randolph,20.91,26504,13269,7.47,512412,2182,27.86,29.83,13379.2,2531.497317
Morris,Riverdale,2.03,4107,2596,7.55,347741,2270,20.13,41.3,1296.64,19.12280652
Morris,Rockaway,2.07,6598,3886,8.36,323556,1853,26.36,34.6,1327.36,37.24034336
Morris,Rockaway Twp,41.73,25341,14010,7.55,373912,1751,27.52,34.63,26709.12,9482.473899
Morris,Roxbury,20.85,22950,11852,8.96,350986,1572,22.92,35.46,13345.28,3354.407719
Morris,Victory Gardens,0.15,1582,751,7.59,210638,1472,49.7,10.88,92.8,10.93682017
Morris,Washington Twp,44.58,18197,9085,6.58,446937,1308,19.96,40.13,28532.48,59549.23301
Morris,Wharton,2.07,7241,3521,11.02,295875,2180,34.21,27.14,1326.08,217.2662704
Ocean,Barnegat Light,0.83,640,318,3.46,259894,6200,21.9,50.4,531.84,108.7083504
Ocean,Barnegat Twp,34.24,24296,11074,9.97,224376,1174,23.49,30.57,21912.96,8969.72747
Ocean,Bay Head,0.59,930,430,8.14,825728,6207,17.9,50.72,374.4,25.64767062
Ocean,Beach Haven,0.98,1027,542,9.23,1653790,10831,21.84,36.75,626.56,40.39245856
Ocean,Beachwood,2.76,10859,6457,9.35,935610,963,22.17,27.2,1768.32,493.379368
Ocean,Berkeley Twp,42.71,43754,16352,12.17,235561,1197,24.8,32.47,27334.4,13125.19409
Ocean,Brick,25.59,73620,40378,9.54,228634,1388,22.44,29.96,16375.68,1954.815964
Ocean,Eagleswood,16.1,1722,841,10.82,352233,1097,17.73,41.34,10305.92,2589.309553
Ocean,Harvey Cedars,0.56,391,134,5.97,252650,13703,24.11,38.9,359.04,26.89995519
Ocean,Island Heights,0.61,1650,866,9.24,1054145,1781,24.85,32.97,389.76,22.93685163
Ocean,Jackson,99.17,58544,30340,8.74,417639,838,22.8,29,63471.36,19228.93541
Ocean,Lacey,83.25,28655,15717,8.96,379206,1104,17.86,33.65,53278.72,31682.23159
Ocean,Lakehurst,0.9,2636,1362,10.13,291652,1650,21.71,28.03,572.8,5.20070976
Ocean,Lakewood,24.68,135158,32854,7.78,189025,1012,14.93,40,15795.84,1667.429777
Ocean,Lavallette,0.82,1787,760,7.63,392763,4843,15.05,51.35,522.24,95.76903294
Ocean,Little Egg Harbor,47.35,20784,9955,11.22,889227,1091,20.85,34.34,30301.44,18839.10008
Ocean,Long Beach,5.45,3153,1260,9.13,214818,9626,21.92,40.74,3486.72,87.63496799
Ocean,Manchester,81.42,45115,14605,11.66,1096556,851,26.66,33.92,52106.88,23222.89358
Ocean,Mantoloking,0.39,331,81,4.94,206556,22557,10.49,69.18,409.6,0
Ocean,Ocean Gate,0.45,1932,1142,10.25,306541,1662,27.37,33.36,288,0.84693912
Ocean,Ocean Twp,20.87,8835,4194,9.37,2887128,1366,17.86,40.81,13354.24,5484.107884
Ocean,Pine Beach,0.64,2139,1230,7.24,237154,1321,24.76,33.81,407.04,21.98203971
Ocean,Plumsted,39.14,8072,4286,8.68,329975,506,17.2,33.76,25047.68,2133.824132
Ocean,Point Pleasant,3.49,18941,10345,8.16,320030,1188,20.8,33.29,2234.24,77.11048783
Ocean,Point Pleasant Beach,1.42,4766,2503,8.39,439917,3371,20.79,40.29,911.36,71.24556675
Ocean,Seaside Heights,0.62,2440,1215,14.57,634940,4965,18.94,35.64,394.88,82.87891811
Ocean,Seaside Park,0.65,1436,700,9.14,240748,7006,19.18,42.76,419.2,59.43424732
Ocean,Ship Bottom,0.71,1098,589,8.15,578427,6686,21.79,44.72,455.68,13.14938679
Ocean,South Toms River,1.16,3643,1713,11.73,720280,1410,30.01,18.78,740.48,126.4183003
Ocean,Stafford,46.11,28617,13571,9.41,177509,1735,20.25,34.67,29512.96,11486.99595
Ocean,Surf City,0.74,1243,489,7.77,325000,5826,18.36,44.63,476.16,3.72473758
Ocean,Toms River,40.54,95438,50332,9.49,336328,1432,21.1,30.79,25946.24,3045.665688
Ocean,Tuckerton,3.36,3577,1750,10.51,865127,1443,19.25,37.91,2151.68,99.33757909
Passaic,Bloomingdale,8.8,7777,4023,9.82,294238,1577,29.65,26.49,5632.64,2367.351857
Passaic,Clifton,11.28,90296,44846,11.19,355720,1472,39.49,16.96,7216,224.5909525
Passaic,Haledon,1.21,9052,4455,13.29,302792,1392,47.74,13.74,777.6,4.54519645
Passaic,Hawthorne,3.32,19637,10160,10.15,389429,1241,30.1,31.77,2123.52,113.2517416
Passaic,Little Falls,2.79,13360,7508,8.58,349441,1410,29.99,21.8,1788.8,57.99307921
Passaic,North Haledon,3.46,8927,4438,9.4,448288,1723,21.41,39.62,2216.96,236.5079008
Passaic,Passaic,3.13,70537,29430,13.46,379889,1355,44.45,10.04,2005.12,97.16268956
Passaic,Paterson,8.41,159732,63873,18.52,259020,1491,50.21,5.45,5384.32,311.1807855
Passaic,Pompton Lakes,2.89,11127,6438,8.79,297010,1327,25.6,29.01,1847.68,385.4613409
Passaic,Prospect Park,0.47,6372,3305,12.98,301105,1286,59.09,9.37,297.6,5.76023402
Passaic,Ringwood,25.59,11735,6370,8.74,364375,1369,24.72,32.6,16376.32,7461.059944
Passaic,Totowa,4,11065,5186,12.03,388264,1993,21.81,41.97,2560,115.0975472
Passaic,Wanaque,8.07,11317,6523,8.2,287044,1265,27.22,30.72,5162.24,1474.997578
Passaic,Wayne,23.72,54838,27404,8.13,477846,1611,27.07,32.78,15182.08,2354.951262
Passaic,West Milford,75.93,24862,14734,8.15,279378,1361,21.98,35.72,48596.48,23851.08292
Passaic,Woodland Park,2.94,13484,6477,13.08,388080,1470,35.66,20.75,1880.96,412.981142
Salem,Alloway,33.48,3283,1641,7.8,198399,549,20.43,28.49,21425.28,2282.333305
Salem,Carneys Point,16.91,8637,3521,10,49975,1372,36.02,17.6,10823.68,248.2946424
Salem,Elmer,0.89,1347,674,8.46,138392,851,47.69,59.72,572.16,36.20611057
Salem,Elsinboro,11.93,1001,446,8.74,167479,871,26.06,27.88,7635.84,1533.400834
Salem,Lower Alloways Creek,45.31,1717,760,8.42,161412,5683,24.21,28.65,28997.76,10116.39177
Salem,Mannington,33.88,1475,710,8.17,168064,746,21.13,29.29,21685.12,2121.511475
Salem,Oldmans,19.51,1910,959,6.88,183482,1408,25.28,29.89,12486.4,412.1853614
Salem,Penns Grove,0.89,4837,1995,13.63,196022,1463,51.25,7.96,571.52,4.72254727
Salem,Pennsville,21.27,12684,6090,8.21,78479,1498,21.98,23.94,13610.24,298.1239956
Salem,Pilesgrove,34.93,4183,1830,8.14,160592,759,23.8,29.36,22358.4,1203.022641
Salem,Pittsgrove,44.9,8777,4726,8.76,267844,470,24.33,24.41,28735.36,5108.633317
Salem,Quinton,23.79,2580,1183,10.48,208078,703,24.74,26.73,15227.52,1954.93031
Salem,Salem,2.34,5296,1729,17.87,144905,2169,51.07,6.06,1500.16,148.2474514
Salem,Upper Pittsgrove,40.24,3432,1651,8.12,228634,628,16.21,32.85,25754.88,104.5740737
Salem,Woodstown,1.57,3678,1618,9.27,204992,1240,29.92,23.09,13486.08,165.0707606
Somerset,Bedminster,26.12,8272,4781,6.99,393035,1471,25.72,35.67,16718.72,1745.485575
Somerset,Bernards Twp,24.2,27830,12331,5.81,654130,1551,24.83,36.82,15488.64,2539.85285
Somerset,Bernardsville,12.84,7893,3785,5.52,740228,2090,23.18,43.98,8215.04,506.251856
Somerset,Bound Brook,1.66,11988,5762,9.22,279821,1652,35.9,20.87,1063.04,95.00611376
Somerset,Branchburg,20.07,14940,7796,6.76,481772,1565,23.41,36.74,12845.44,1940.822431
Somerset,Bridgewater,31.89,45977,22025,7.59,465899,984,28.21,27.73,20408.32,3026.08985
Somerset,Far Hills,4.85,924,452,7.52,858473,3532,20.19,48.13,3102.08,299.5527144
Somerset,Franklin Twp,46.17,68364,33648,8.52,392159,1032,46.24,13.72,29548.8,12479.8207
Somerset,Green Brook,4.41,7281,3582,7.62,484645,1248,26.64,27.16,2820.48,152.6403459
Somerset,Hillsborough,54.61,43276,21462,7.08,446734,792,28.57,25.22,34952.96,7670.302482
Somerset,Manville,2.36,10953,5311,10.47,253304,1405,28.7,26.73,1511.04,261.4881976
Somerset,Millstone,0.68,448,201,7.96,348323,1996,38.83,27.37,435.84,135.0089224
Somerset,Montgomery,32.3,23690,10219,6,611286,1288,32.78,21.82,20672,3802.94449
Somerset,North Plainfield,2.81,22808,12124,9.58,274705,1284,46.68,14.53,1796.48,131.5365342
Somerset,Peapack Gladstone,5.73,2558,1216,5.59,674720,2575,22.3,47.89,3669.12,342.9639153
Somerset,Raritan,1.99,7835,4072,8.87,363183,1573,30.57,25.83,1274.88,69.68073427
Somerset,Rocky Hill,0.61,743,353,6.8,453052,1560,43.22,26.44,391.04,122.1189113
Somerset,Somerville,2.34,12346,6391,8.75,315482,1838,37.3,22.18,1496.32,122.607557
Somerset,South Bound Brook,0.64,4863,2414,11.89,279945,1481,34.69,19.3,412.8,80.79698711
Somerset,Warren,19.57,15923,7168,6.89,732587,1351,22.14,32.32,12522.24,1086.755917
Somerset,Watchung,6.02,6449,2832,8.09,721042,2694,25.46,33.16,3850.24,99.54520116
Sussex,Andover,1.35,595,342,9.94,224050,1735,28.89,37.04,862.72,371.6420085
Sussex,Andover Twp,20.04,5996,2925,8.31,294509,1645,19.82,44.79,12828.16,2460.663325
Sussex,Branchville,0.59,791,349,9.46,258476,1636,20.27,52.76,379.52,7.16401224
Sussex,Byram,21.53,8028,4257,8.64,278381,1584,21.59,36.42,13779.84,4965.490123
Sussex,Frankford,33.88,5302,2564,8.78,288867,848,15.26,56.25,21680.64,4213.012552
Sussex,Franklin,4.36,4912,2405,11.48,192384,1519,18.67,43.2,2787.84,296.6980378
Sussex,Fredon,17.64,3235,1716,9.97,332016,933,17.2,48.19,11289.6,2323.535576
Sussex,Green,16.03,3627,1730,8.79,347098,1112,16.29,44.98,10261.76,1377.051909
Sussex,Hamburg,1.14,3266,1785,11.09,172207,1108,21.92,36.06,732.8,43.19506446
Sussex,Hampton Twp,24.57,4893,2626,8.26,253874,929,20.23,45.21,15724.8,4285.782967
Sussex,Hardyston,31.98,8125,4371,9.22,253306,1481,19.72,39.52,20470.4,5230.267044
Sussex,Hopatcong,10.89,14362,7878,10.78,261556,1375,23.08,36.18,6968.96,1092.832984
Sussex,Lafayette,17.88,2358,1247,8.82,326968,1170,15.2,47.69,11445.12,895.6209919
Sussex,Montague,45.23,3792,1714,8.93,168530,729,15.81,50.19,28947.84,16717.2701
Sussex,Newton,3.36,8374,3545,9.7,206937,1655,24.39,34.08,2150.4,295.7819455
Sussex,Ogdensburg,2.2,2258,1240,10.65,229926,1329,22.68,36.97,1410.56,464.8366009
Sussex,Sandyston,41.3,1977,1014,8.09,239237,823,18.57,50.3,26433.92,13682.09919
Sussex,Sparta,36.79,19600,9165,8.04,401723,1522,21.72,37.29,23544.32,5464.722461
Sussex,Stanhope,1.84,3526,1918,9.91,215457,1510,25.25,33.67,1176.32,212.8141949
Sussex,Stillwater,26.92,4004,2284,8.23,238052,1000,20.31,45.57,17231.36,6402.27073
Sussex,Sussex,0.59,2024,916,10.15,190374,872,21.04,38.17,379.52,23.73559643
Sussex,Vernon,67.6,22358,12099,10.2,211147,1263,20,37.46,43260.8,15059.8311
Sussex,Walpack,24.17,7,7,14.29,69794,10897,15.38,61.54,15469.44,961.3595678
Sussex,Wantage,66.76,10811,5737,8.75,271023,595,15.92,46.15,42726.4,4931.480129
Union,Berkeley Heights,6.22,13285,6276,6.39,572046,1678,26.75,36.5,3980.8,575.1113231
Union,Clark,4.27,15544,8130,8.18,474605,1575,27.8,27.17,2734.72,569.3537812
Union,Cranford,4.84,23847,12309,6.6,519273,1642,35.26,23.32,3094.4,411.7534601
Union,Elizabeth,12.32,137298,63532,12.08,346805,2101,57.11,6.54,7884.16,172.7262726
Union,Fanwood,1.34,7774,3855,6.38,479300,1975,38.29,21.79,857.6,24.52281024
Union,Garwood,0.65,4454,2308,9.79,404531,1964,36.73,22.27,416,27.07856097
Union,Hillside,2.77,22456,9746,13.73,300015,2097,59.71,5.66,1770.88,156.5765457
Union,Kenilworth,2.15,8427,4252,9.92,360479,2067,32.35,23.76,1374.08,266.1941972
Union,Linden,10.69,43738,22004,11.12,326674,2625,60.59,7.96,6840.32,206.9799488
Union,Mountainside,4,7020,3196,6.57,632905,2159,26.94,32.29,2557.44,963.1895504
Union,New Providence,3.69,13650,6331,5.88,619273,1729,26.96,31.56,2360.32,293.1474715
Union,Plainfield,5.96,54586,26404,10.9,262643,1727,65.3,4.52,3813.76,258.7499118
Union,Rahway,3.9,29556,14976,10.48,271615,1902,52.07,10.45,2493.44,228.1638067
Union,Roselle,2.64,22695,10604,12.36,257620,2060,64.85,4.63,1686.4,218.7628856
Union,Roselle Park,1.22,13967,6857,10.75,301076,1379,37.88,16.57,784,31.40850509
Union,Scotch Plains,9.02,24968,12610,7.1,546568,1087,37.63,21.55,5773.44,1223.680554
Union,Springfield,5.16,17178,9647,7.64,441786,1982,36.99,19.21,3300.48,1497.089676
Union,Summit,5.99,22719,9668,6.31,990370,2259,33.37,26.25,3836.16,441.8032144
Union,Union Twp,9.05,59728,29307,9.95,325143,1713,47.72,11.46,5792.64,4876.345574
Union,Westfield,6.72,31032,13365,5.8,781904,1669,34.98,24.05,4303.36,276.3698391
Union,Winfield,0.18,1423,817,10.4,18400,1086,37.24,21.11,115.84,2.71128017
Warren,Allamuchy,19.99,5335,2607,8.29,275945,851,19.74,39.17,12794.88,5719.500007
Warren,Alpha,1.68,2328,1266,8.14,186129,1564,35.1,26.89,1075.84,71.11375632
Warren,Belvidere,1.45,2520,1425,7.93,177932,1267,22.09,42.19,927.36,90.27179655
Warren,Blairstown,29.89,5704,2994,8.78,301185,820,19.02,43.14,19127.68,2762.345834
Warren,Franklin Twp,23.42,2968,1517,7.65,296197,944,19.77,43.16,14988.8,12479.8207
Warren,Frelinghuysen,23.62,2199,1135,8.37,299931,834,16.76,48.54,15118.72,2605.852259
Warren,Greenwich,10.58,5473,2708,7.68,328794,974,21.43,40.05,6771.84,1805.164131
Warren,Hackettstown,3.61,10248,5156,10.73,282307,1158,24.02,32.38,2311.68,514.3450682
Warren,Hardwick,37.53,1598,883,7.7,313837,807,20.54,43.71,24016,8188.891086
Warren,Harmony,23.75,2503,1321,6.89,240185,1451,20.09,43.96,15200,1773.247562
Warren,Hope,18.09,1835,969,7.33,270673,833,19.77,44.5,11575.04,1670.203706
Warren,Independence,19.83,5469,3019,7.78,267252,1007,20.66,36.41,12691.2,1462.963769
Warren,Knowlton,24.72,2894,1434,9.55,259665,861,19.16,42.24,15823.36,2764.142902
Warren,Liberty,11.67,2670,1650,8.12,252000,746,20.35,41.71,7466.88,2107.950516
Warren,Lopatcong,7.32,8776,4387,7.18,238292,1171,27.55,34.18,4682.24,475.1330352
Warren,Mansfield,29.59,7781,4075,7.68,253618,979,20.05,39.02,18935.04,5237.251097
Warren,Oxford,5.96,2444,1295,9.34,195899,1029,20.56,40.35,3813.76,1423.03562
Warren,Phillipsburg,3.19,15249,6894,9.2,116138,1281,32.36,21.53,2042.24,114.6567995
Warren,Pohatcong,13.37,3241,1776,7.21,190631,1940,24.84,31.48,8556.8,625.7202579
Warren,Washington,1.97,7299,3443,10.54,175575,1358,23.88,30.07,1257.6,132.9606025
Warren,Washington Twp,17.96,6492,3611,7.73,260385,1743,18.84,38.94,11495.04,59549.23301
Warren,White,27.37,4606,2100,7.71,263540,552,17.97,49.6,17514.24,2712.062549
