County,Municipality,2019: Area,2021: Area,2019: Census Population,2021: Census Population,2020: Workforce,2020: % Unemployed,2017: Average Residential Property Value ($),2020: Average Residential Property Value ($),2020: Municipal Budget per Capita ($),2018: % Democrats,2018: % Republicans,Latitude,Longitude,Total_Acres
Atlantic,Absecon,5.4,5.47,8411,9137,4437,17.33,176556,170824,1240,29.76,28.89,40.778325,-74.7192989,390.772836
Atlantic,Atlantic City,10.75,10.76,39558,38497,15995,25.71,127451,144901,5609,94.97,9.41,40.778325,-74.7192989,941.6705367
Atlantic,Brigantine,6.39,6.52,9450,7716,4182,14.78,365841,383187,3562,22.24,42.13,40.778325,-74.7192989,3116.170626
Atlantic,Buena,7.58,7.57,4603,4501,1800,12.67,161849,160417,1160,26.02,28.02,40.778325,-74.7192989,309.9271394
Atlantic,Buena Vista,41.05,41.08,7570,7033,3052,14.29,195402,207713,709,35.38,24.35,40.778325,-74.7192989,2779.443567
Atlantic,Corbin City,7.67,7.7,492,471,236,11.44,201665,206548,1403,22.03,51.69,40.778325,-74.7192989,3892.985708
Atlantic,Egg Harbor,10.93,67.05,4243,4396,1883,19.54,141044,126249,1541,42.73,20.15,40.778325,-74.7192989,135.3222487
Atlantic,Egg Harbor Twp,66.6,10.85,43323,47842,20450,17.82,206935,225841,1051,28.99,27.31,40.778325,-74.7192989,5790.859575
Atlantic,Estell Manor,53.32,53.39,1735,1668,758,12.93,186147,196543,862,20.3,34.94,40.778325,-74.7192989,22798.82768
Atlantic,Folsom,8.2,8.26,1885,1811,754,13.26,182675,206774,881,21.33,42.81,40.778325,-74.7192989,741.4369089
Atlantic,Galloway,89.07,88.67,37349,37813,16841,16.5,170130,179480,798,31.26,25.59,40.778325,-74.7192989,4792.145324
Atlantic,Hamilton,111.13,110.9,26503,27484,12358,16.49,164234,172393,1089,31.59,24.59,40.778325,-74.7192989,29012.47454
Atlantic,Hammonton,40.89,40.75,14791,14711,6290,11.67,213477,233451,1022,23.77,31.65,40.778325,-74.7192989,9345.076762
Atlantic,Linwood,3.87,3.81,7092,6971,3003,11.79,285514,298564,1972,24.36,36.84,40.778325,-74.7192989,505.1169207
Atlantic,Longport,0.39,0.4,895,893,322,9.32,1170774,1184672,10499,22.02,46.92,40.778325,-74.7192989,11.42869512
Atlantic,Margate,1.42,1.42,6354,5317,2453,11.09,581439,625946,5565,26.97,38.96,40.778325,-74.7192989,75.75829595
Atlantic,Mullica,56.42,56.38,6147,5816,2253,15.8,181604,194083,1051,24.48,33.49,40.778325,-74.7192989,10463.84476
Atlantic,Northfield,3.4,3.58,8624,8434,3769,16.42,223906,215189,1653,27.36,33.37,40.778325,-74.7192989,406.0392193
Atlantic,Pleasantville,5.69,5.72,20249,20629,9170,22.79,86899,98363,1581,52.08,5.64,40.778325,-74.7192989,265.4646819
Atlantic,Port Republic,7.48,7.46,1115,1101,511,13.11,243163,269119,1154,22.02,48.16,40.778325,-74.7192989,1380.390406
Atlantic,Somers Point,4.03,4.01,10795,10469,4792,16.36,203980,214986,1635,28.94,30.69,40.778325,-74.7192989,127.5288276
Atlantic,Ventnor,1.95,1.96,10650,9210,4515,17.96,324694,312762,3063,30.94,30.81,40.778325,-74.7192989,118.3195664
Atlantic,Weymouth,12.09,11.82,2715,2614,1212,12.87,209701,225842,731,28.27,35.4,40.778325,-74.7192989,1161.329841
Bergen,Allendale,3.1,3.1,6505,6848,2825,7.86,687425,702899,2200,23.77,34.25,40.778325,-74.7192989,217.4816396
Bergen,Alpine,6.41,6.4,1849,1762,816,5.27,3103158,2738453,3426,27.6,26.03,40.778325,-74.7192989,2469.876226
Bergen,Bergenfield,2.88,2.9,26764,28321,14571,8.97,344593,400642,1570,41.65,15.13,40.778325,-74.7192989,89.1278695
Bergen,Bogota,0.76,0.75,8187,8778,4506,11.27,297602,380110,1305,45.33,14.94,40.778325,-74.7192989,13.54902998
Bergen,Carlstadt,4,3.95,6127,6372,3404,12.13,529732,401838,3792,31.16,22.19,40.778325,-74.7192989,11.7563134
Bergen,Cliffside Park,0.96,0.96,23594,25693,13242,8.81,410749,440045,1526,45.62,12.37,40.778325,-74.7192989,11.86173622
Bergen,Closter,3.16,3.16,8373,8594,3829,7.81,699940,720285,2003,32.06,21.23,40.778325,-74.7192989,241.594711
Bergen,Cresskill,2.06,2.06,8573,9155,3853,7.42,758739,748849,2509,29.66,23.27,40.778325,-74.7192989,101.2391664
Bergen,Demarest,2.07,2.07,4881,4981,2196,6.74,925508,954784,2190,35.3,19.11,40.778325,-74.7192989,173.1926136
Bergen,Dumont,1.98,1.95,17479,17863,9634,9.3,364343,406900,1386,33.83,20.34,40.778325,-74.7192989,41.12486057
Bergen,East Rutherford,3.71,3.71,8913,10022,5737,9.57,349917,446369,2787,33.97,24.97,40.778325,-74.7192989,37.05299135
Bergen,Edgewater,0.94,0.97,11513,14336,7319,7.05,586309,578660,2318,43.45,12.86,40.778325,-74.7192989,118.4989031
Bergen,Elmwood Park,2.65,2.64,19403,21422,10693,13.42,363654,383330,1414,38.47,18.72,40.778325,-74.7192989,44.02714272
Bergen,Emerson,2.2,2.23,7401,7290,3611,8.53,471336,494499,5237,22.19,39.93,40.778325,-74.7192989,28.01490206
Bergen,Englewood,4.91,4.93,27147,29308,14972,9.96,519018,539329,5207,60.76,8.72,40.778325,-74.7192989,232.5605198
Bergen,Englewood Cliffs,2.09,2.13,5281,5342,2005,8.28,1324275,1345352,8139,31.56,22.25,40.778325,-74.7192989,294.7622618
Bergen,Fair Lawn,5.14,5.14,32457,34927,17797,8.95,389817,421203,4896,37,20.21,40.778325,-74.7192989,232.7493839
Bergen,Fairview,0.84,0.84,13835,15025,7790,9.36,388313,406046,2878,51.51,10.83,40.778325,-74.7192989,6.17127224
Bergen,Fort Lee,2.54,2.52,35345,40191,19738,8.01,472726,517344,4624,44.07,14.91,40.778325,-74.7192989,241.3822723
Bergen,Franklin Lakes,9.38,9.41,10590,11079,5115,7.72,1118862,1073277,7109,17.91,42.1,40.778325,-74.7192989,566.1979925
Bergen,Garfield,2.1,2.11,30487,32655,16450,14.61,317481,367381,2412,38.32,12.52,40.778325,-74.7192989,68.53773995
Bergen,Glen Rock,2.71,2.7,11601,12133,5812,6.4,607816,655502,6750,35.95,22.87,40.778325,-74.7192989,138.7681125
Bergen,Hackensack,4.18,4.19,43010,46030,24183,11.4,260460,269467,4733,49.76,11.11,40.778325,-74.7192989,129.7203068
Bergen,Harrington Park,1.83,1.85,4664,4741,2198,7.64,597437,616999,6092,29.02,24.06,40.778325,-74.7192989,115.8111664
Bergen,Haworth,1.94,1.94,3382,3343,1577,6.66,715489,728027,7564,36.16,20.65,40.778325,-74.7192989,118.8832982
Bergen,Hillsdale,2.95,2.9,10219,10143,4996,8.47,505287,524210,5310,27.89,27.56,40.778325,-74.7192989,125.6817637
Bergen,Ho-Ho-Kus,1.74,1.74,4078,4258,1992,5.37,865413,864468,7100,22.58,41.61,40.778325,-74.7192989,33.0807676
Bergen,Leonia,1.54,1.52,8937,9304,4471,8.99,496055,546603,4769,53.94,12.93,40.778325,-74.7192989,301.4832485
Bergen,Little Ferry,1.48,1.48,10626,10987,6306,11.62,275935,338830,3782,38.39,13.82,40.778325,-74.7192989,61.51905122
Bergen,Lodi,2.26,2.27,24136,26206,12842,13.85,373888,429235,3478,41.24,13.68,40.778325,-74.7192989,35.98933718
Bergen,Lyndhurst,4.56,4.58,20554,22519,11688,11.94,385465,458693,3911,32.94,20.51,40.778325,-74.7192989,518.3607809
Bergen,Mahwah,25.69,25.39,25890,25487,14028,7.92,505529,530798,4915,26.2,30.03,40.778325,-74.7192989,8354.86364
Bergen,Maywood,1.29,1.29,9555,10080,5245,10.05,376896,406596,4421,35.76,19.71,40.778325,-74.7192989,22.70996705
Bergen,Midland Park,1.56,1.57,7128,7014,3783,8.86,456983,476373,5245,22.95,40.32,40.778325,-74.7192989,7.75263236
Bergen,Montvale,4,4.02,7844,8436,3975,8.1,582951,599210,6772,25.77,28.52,40.778325,-74.7192989,42.69422198
Bergen,Moonachie,1.66,1.73,2708,3133,1483,15.17,364614,410902,8619,41.48,13.49,40.778325,-74.7192989,4.56391559
Bergen,New Milford,2.27,2.28,16341,16923,8705,9.27,378019,426888,3863,33.78,19.7,40.778325,-74.7192989,101.8976285
Bergen,North Arlington,2.56,2.48,15392,16457,8049,12.1,335936,376781,3729,36.93,20.17,40.778325,-74.7192989,34.19480621
Bergen,Northvale,1.3,1.26,4640,4761,2506,8.14,443465,452260,5830,34.06,20.61,40.778325,-74.7192989,9.97231627
Bergen,Norwood,2.73,2.79,5711,5641,2654,7.8,591394,599691,5730,31.37,22.62,40.778325,-74.7192989,347.9510092
Bergen,Oakland,8.45,8.5,12754,12748,6539,9.05,471233,498789,5549,23.63,30.49,40.778325,-74.7192989,1682.389344
Bergen,Old Tappan,3.33,3.32,5750,5888,2599,7.27,836062,828786,6918,22.11,28.76,40.778325,-74.7192989,91.98255152
Bergen,Oradell,2.42,2.41,7978,8244,4120,6.77,599891,597290,6412,27.43,28.94,40.778325,-74.7192989,136.9263286
Bergen,Palisades Park,1.25,1.24,19622,20292,11902,10.78,599566,660648,2787,48.4,12.63,40.778325,-74.7192989,84.83554797
Bergen,Paramus,10.47,10.44,26342,26698,12485,9.53,680784,611400,7244,29.51,21.85,40.778325,-74.7192989,618.7251785
Bergen,Park Ridge,2.58,2.61,8645,8883,4189,8.43,535234,554373,6001,26.97,27.68,40.778325,-74.7192989,126.1561619
Bergen,Ramsey,5.52,5.5,14473,14798,8107,7.13,548129,555192,1721,25.45,30.29,40.778325,-74.7192989,333.4602364
Bergen,Ridgefield,2.55,2.54,11032,11501,5899,11.34,485555,519167,2040,37.46,20.62,40.778325,-74.7192989,68.30203265
Bergen,Ridgefield Park,1.72,1.7,12729,13224,6968,11.67,308184,366392,5675,41.42,14.92,40.778325,-74.7192989,126.702748
Bergen,Ridgewood,5.75,5.74,24958,25979,11343,6.27,795717,816537,2057,33.34,24.2,40.778325,-74.7192989,272.6180002
Bergen,River Edge,1.85,1.83,11340,12049,5758,8.39,469248,521852,1487,32.94,19.38,40.778325,-74.7192989,146.2598778
Bergen,River Vale,4.01,4.07,9659,9909,4681,8.12,588291,593091,1797,25.77,29.03,40.778325,-74.7192989,218.2973837
Bergen,Rochelle Park,1.04,0.99,5530,5814,2985,11.93,330158,355814,2312,32.71,21.49,40.778325,-74.7192989,71.0211179
Bergen,Rockleigh,0.97,1,531,407,125,7.2,1704646,1379304,2740,20.62,31.13,40.778325,-74.7192989,253.7457273
Bergen,Rutherford,2.81,2.78,18061,18834,9839,8.45,473869,500906,1799,38.06,22.22,40.778325,-74.7192989,48.85585007
Bergen,Saddle Brook,2.69,2.69,13659,14294,7286,12.3,365042,402545,1859,35.61,20.51,40.778325,-74.7192989,91.20484615
Bergen,Saddle River,4.92,4.92,3152,3372,1421,7.04,1816780,1829544,4502,12.97,58.07,40.778325,-74.7192989,30.72676664
Bergen,South Hackensack,0.72,0.72,2378,2701,1347,13.21,385227,404185,4155,35.2,18.95,40.778325,-74.7192989,4.99395324
Bergen,Teaneck,6.01,6.04,39776,41246,19701,8.71,421108,474135,1795,53.94,11.85,40.778325,-74.7192989,732.5618921
Bergen,Tenafly,4.6,4.59,14488,15409,6152,6.83,926028,956287,2173,39.79,15.4,40.778325,-74.7192989,669.6816327
Bergen,Upper Saddle River,5.26,5.25,8208,8353,3803,6.65,964588,933802,1652,21.43,32.33,40.778325,-74.7192989,68.93222097
Bergen,Waldwick,2.07,2.05,9625,10058,5401,8.35,424015,451316,1420,26.36,27.47,40.778325,-74.7192989,49.92984136
Bergen,Wallington,0.98,0.99,11335,11868,6258,11.9,343401,395860,2640,31.9,18.25,40.778325,-74.7192989,28.05987751
Bergen,Washington Twp,2.91,2.95,9102,9285,4607,8.99,513255,531470,1494,23.24,37.33,40.778325,-74.7192989,59549.23301
Bergen,Westwood,2.27,2.26,10908,11282,5825,8.46,438444,459467,1806,33.48,27.94,40.778325,-74.7192989,139.9484929
Bergen,Wood-Ridge,1.1,1.11,7626,10137,5291,9.11,360320,422943,2225,35.38,19.1,40.778325,-74.7192989,93.79633481
Bergen,Woodcliff Lake,3.41,3.38,5730,6128,2857,7.35,744484,796262,2254,28.97,25.74,40.778325,-74.7192989,12.02262883
Bergen,Wyckoff,6.55,6.59,16696,16585,7813,7.65,773267,798654,1208,22.05,37.24,40.778325,-74.7192989,151.5706416
Burlington,Bass River,75.04,75.12,1443,1355,724,12.43,211025,223339,1065,19.7,38.67,40.778325,-74.7192989,22218.29246
Burlington,Bordentown,0.93,0.93,3924,3993,2344,8.19,225739,218060,1661,42.44,19.35,40.778325,-74.7192989,120.5237628
Burlington,Bordentown Twp,8.51,8.66,11367,11791,6686,7.46,280601,304427,1449,32.8,21.25,40.778325,-74.7192989,867.4185641
Burlington,Burlington,3.06,3.04,9920,9743,5296,10.86,141825,147833,1896,51.43,16.07,40.778325,-74.7192989,600.7676168
Burlington,Burlington Twp,13.42,13.48,22594,23983,11996,8.24,236689,261941,1080,47.19,16.59,40.778325,-74.7192989,586.0027006
Burlington,Chesterfield,21.33,21.31,7699,9422,2809,7.69,399687,399338,710,31.77,29.75,40.778325,-74.7192989,228.3232304
Burlington,Cinnaminson,7.5,7.42,15569,17064,8475,7.28,258481,270751,972,33.21,32.12,40.778325,-74.7192989,253.9757954
Burlington,Delanco,2.36,2.36,4283,4824,2482,8.46,200461,207272,1518,41.34,23.54,40.778325,-74.7192989,286.6724978
Burlington,Delran,6.59,6.63,16896,17882,9113,7.73,233361,242595,1118,38.59,23,40.778325,-74.7192989,709.9168701
Burlington,Eastampton,5.75,5.73,6069,6191,3543,7.48,232003,254227,1010,36.48,22.99,40.778325,-74.7192989,1058.137084
Burlington,Edgewater Park,2.89,2.92,8881,8930,4629,8.12,167324,178325,955,48.07,16.16,40.778325,-74.7192989,118.9664145
Burlington,Evesham,29.28,29.16,45538,46826,25839,7.16,280474,287951,894,32.2,26.35,40.778325,-74.7192989,3717.620966
Burlington,Fieldsboro,0.27,0.28,540,526,319,7.84,203169,208786,1946,47.15,21.76,40.778325,-74.7192989,6.20483886
Burlington,Florence,9.78,9.77,12109,12812,6989,8.1,217917,225642,1094,33.52,26.49,40.778325,-74.7192989,200.5628214
Burlington,Hainesport,6.46,6.47,6110,6035,3227,7.22,296505,318573,818,30.04,35.21,40.778325,-74.7192989,784.8307779
Burlington,Lumberton,12.92,12.88,12559,12803,6266,8.22,295547,306836,783,37.78,24.63,40.778325,-74.7192989,396.2139382
Burlington,Mansfield,21.74,21.73,8544,8897,3890,8.3,302053,312612,1061,31.62,33.01,40.778325,-74.7192989,5237.251097
Burlington,Maple Shade,3.82,3.83,19131,19980,10702,9.44,173129,175323,1026,43.88,19.19,40.778325,-74.7192989,105.2764527
Burlington,Medford,38.92,38.8,23033,24497,12213,6.71,359077,370784,936,26.6,35.17,40.778325,-74.7192989,5529.105903
Burlington,Moorestown,14.69,14.73,20726,21355,10202,5.77,512736,555211,1305,33.17,32.67,40.778325,-74.7192989,683.2597801
Burlington,Mount Holly,2.81,2.82,9536,9981,4763,11.06,162099,176379,1136,42.23,18.81,40.778325,-74.7192989,155.938742
Burlington,Mount Laurel,21.69,21.72,41864,44633,22455,7.63,263705,267691,1076,37.06,24.35,40.778325,-74.7192989,1504.790288
Burlington,New Hanover,22.18,22.33,7385,6367,1181,8.89,255264,276249,226,25.43,45.72,40.778325,-74.7192989,29.5816991
Burlington,North Hanover,17.28,17.37,7678,7963,2998,8.77,305148,319958,523,24.71,33.52,40.778325,-74.7192989,177.3960411
Burlington,Palmyra,1.86,1.85,7398,7438,3933,8.52,157596,162846,1238,43.93,21.73,40.778325,-74.7192989,205.70752
Burlington,Pemberton,0.58,0.59,1409,1371,731,8.21,191656,202984,1464,35.05,31.91,40.778325,-74.7192989,61.07494944
Burlington,Pemberton Twp,61.28,61.56,27912,26903,11807,10.26,162092,166312,930,35.33,22.04,40.778325,-74.7192989,10949.50054
Burlington,Riverside,1.49,1.48,8079,8003,4424,8.27,158658,148039,967,37.08,19.58,40.778325,-74.7192989,92.03327833
Burlington,Riverton,0.66,0.66,2779,2764,1431,6.78,285634,298719,1248,38.69,32.2,40.778325,-74.7192989,17.11424292
Burlington,Shamong,44.39,44.45,6490,6460,3403,8.17,323939,338126,566,19.77,36.92,40.778325,-74.7192989,17562.65536
Burlington,Southampton,43.67,43.96,10464,10317,4513,9.64,211898,238534,728,25.34,39.9,40.778325,-74.7192989,3455.289704
Burlington,Springfield,29.94,29.51,3414,3245,1761,7.61,303563,315255,1298,19.4,48.27,40.778325,-74.7192989,1497.089676
Burlington,Tabernacle,49.12,49.2,6949,6776,3758,7.85,287806,298864,766,20.32,41.42,40.778325,-74.7192989,15551.39055
Burlington,Washington Twp,99.52,101.66,687,693,440,9.55,216095,256417,2048,20.7,45.31,40.778325,-74.7192989,59549.23301
Burlington,Westampton,11.03,10.97,8813,9121,4886,7.33,249613,254294,1419,45.96,19.68,40.778325,-74.7192989,1303.026263
Burlington,Willingboro,7.74,7.73,31629,31889,15877,10.76,153682,162237,1482,67.09,5.6,40.778325,-74.7192989,450.3163264
Burlington,Woodland,94.56,92.64,1788,1544,971,7.11,243682,238899,811,14.87,59.38,40.778325,-74.7192989,40397.17796
Burlington,Wrightstown,1.77,1.85,802,720,382,9.16,161661,171373,3190,35.46,27.16,40.778325,-74.7192989,20.87413334
Camden,Audubon,1.49,1.48,8819,8707,5169,8.07,203935,208873,1335,42.91,18.75,40.778325,-74.7192989,21.352897
Camden,Barrington,1.61,1.58,6983,7075,3559,9.19,203071,208301,1357,42.2,19.14,40.778325,-74.7192989,3.70475934
Camden,Bellmawr,2.98,2.98,11583,11707,5997,10.91,158144,175611,1364,49.69,14.99,40.778325,-74.7192989,59.04494974
Camden,Berlin,3.59,3.59,7588,7489,4111,10.05,231737,235164,1275,33.05,24.15,40.778325,-74.7192989,225.069594
Camden,Berlin Twp,3.23,3.34,5357,5867,3024,12,180068,197134,1901,43.2,17.44,40.778325,-74.7192989,31.56827567
Camden,Brooklawn,0.49,0.49,1955,1815,1065,12.58,122117,117835,1980,43.52,13.2,40.778325,-74.7192989,28.93299953
Camden,Camden,8.92,8.92,77344,71791,26508,16.25,59110,60986,2519,53.37,3.62,40.778325,-74.7192989,477.2953406
Camden,Cherry Hill,24.1,24.07,71045,74553,37320,7.59,242102,258877,1044,44.41,17.97,40.778325,-74.7192989,1469.8928
Camden,Chesilhurst,1.72,1.72,1634,1536,734,11.44,155857,162499,2148,56.58,11.44,40.778325,-74.7192989,19.78258701
Camden,Clementon,1.91,1.89,5000,5338,2747,10.99,122440,122479,1261,41.57,15.53,40.778325,-74.7192989,250.8220566
Camden,Collingswood,1.82,1.83,13926,14186,7957,7.92,228467,243881,1420,53.21,13.37,40.778325,-74.7192989,118.7752966
Camden,Gibbsboro,2.18,2.15,2274,2189,1173,7.76,207452,248441,1554,39.64,23.16,40.778325,-74.7192989,173.8715416
Camden,Gloucester City,2.32,22.95,11456,11484,5479,11.77,108935,111314,1838,47.24,13.21,40.778325,-74.7192989,66.00269769
Camden,Gloucester Twp,22.98,2.31,64634,66034,35532,9.58,187420,200165,1067,44.26,17.1,40.778325,-74.7192989,863.1887849
Camden,Haddon Heights,1.57,1.57,7473,7495,4043,6.8,284835,294176,1151,42.45,22.77,40.778325,-74.7192989,77.32912769
Camden,Haddon Twp,2.69,2.69,14707,15407,7970,6.56,242220,261655,967,45.97,19.25,40.778325,-74.7192989,207.8088605
Camden,Haddonfield,2.82,2.8,11593,12550,5547,5.14,500839,535949,1722,40.34,23.82,40.778325,-74.7192989,209.8024004
Camden,Laurel Springs,0.46,0.45,1908,1978,1113,9.52,163915,175960,1767,40.71,20.25,40.778325,-74.7192989,13.50668872
Camden,Lawnside,1.41,1.43,2945,2955,1191,12.17,135795,136548,1745,71.03,3.08,40.778325,-74.7192989,33.25384759
Camden,Lindenwold,3.89,3.9,17613,21641,9282,11.92,96501,97042,969,53.02,9.07,40.778325,-74.7192989,275.5956734
Camden,Magnolia,0.97,0.98,4341,4352,2452,10.52,151830,161254,1381,45.86,15.26,40.778325,-74.7192989,7.56587857
Camden,Merchantville,0.6,0.59,3821,3820,1712,11.62,191861,202111,1358,46.41,17.08,40.778325,-74.7192989,9.30156546
Camden,Mount Ephraim,0.88,0.88,4676,4651,2522,10.27,150054,155158,1426,45.49,16.51,40.778325,-74.7192989,21.766658
Camden,Oaklyn,0.63,0.63,4038,3930,2299,8.53,176034,184165,1585,47.91,16.06,40.778325,-74.7192989,48.24537212
Camden,Pennsauken,10.44,10.48,35885,37074,18893,10.53,142149,153356,1141,50.96,10.57,40.778325,-74.7192989,530.2270891
Camden,Pine Hill,3.87,3.91,10233,10743,5342,11.92,126705,126679,950,47.44,12.39,40.778325,-74.7192989,403.4497952
Camden,Runnemede,2.06,2.05,8468,8324,4245,10.72,150527,162407,1068,51.81,14.45,40.778325,-74.7192989,89.87709184
Camden,Somerdale,1.39,1.39,5151,5566,2904,10.5,145268,164470,1369,52.42,12.15,40.778325,-74.7192989,39.70085377
Camden,Stratford,1.55,1.57,7040,6981,3544,10.41,162765,172806,1012,40.31,19.34,40.778325,-74.7192989,71.31254231
Camden,Voorhees,11.49,11.47,29131,31069,14691,7.11,282098,294707,1447,42.04,18.46,40.778325,-74.7192989,590.2701122
Camden,Waterford,36.04,36,10649,10421,5674,10.31,185947,197811,1151,34.79,23.63,40.778325,-74.7192989,14288.90745
Camden,Winslow,57.34,57.42,39499,39907,19850,10.8,174701,185351,860,49.71,14.35,40.778325,-74.7192989,8770.601817
Camden,Woodlynne,0.22,0.22,2978,2902,1421,11.61,70774,72028,1209,55.28,6.13,40.778325,-74.7192989,5.95724802
Cape May,Avalon,4.15,4.27,1334,1243,494,10.32,1505104,1827230,22851,15.62,55.93,40.778325,-74.7192989,1900.83701
Cape May,Cape May,2.4,2.47,3607,2768,45492,13.82,644794,735033,5894,29.15,39.04,40.778325,-74.7192989,865.1311865
Cape May,Cape May Point,0.3,0.29,291,305,90,7.78,699104,786159,6955,42.08,40.44,40.778325,-74.7192989,35.81082556
Cape May,Dennis,60.8,60.42,6467,6285,3300,10.45,187174,196768,788,23.34,35.36,40.778325,-74.7192989,19528.32815
Cape May,Lower Township,27.74,27.38,22866,22057,11076,14.61,246930,274123,1352,23.09,39.49,40.778325,-74.7192989,5908.156593
Cape May,Middle Township,70.33,70.24,18911,20380,8924,15.77,234776,252402,1224,25.71,33.51,40.778325,-74.7192989,17795.7177
Cape May,North Wildwood,1.75,1.73,4041,3621,1752,16.95,308261,340445,8341,19.94,51.72,40.778325,-74.7192989,201.2937956
Cape May,Ocean City,6.33,6.75,11701,11229,5272,10.47,629778,694319,7231,23.38,42.88,40.778325,-74.7192989,1958.210941
Cape May,Sea Isle City,2.17,2.2,2114,2104,880,9.66,702586,822569,12206,20.91,53.58,40.778325,-74.7192989,664.7510126
Cape May,Stone Harbor,1.4,1.42,866,796,340,8.82,1456578,1762038,20945,12.58,71.02,40.778325,-74.7192989,192.7716071
Cape May,Upper Township,62.15,62.03,12373,12539,6385,10.62,287004,304800,1157,18.4,47,40.778325,-74.7192989,18097.59596
Cape May,West Cape May,1.17,1.17,1024,1010,495,12.73,456262,565153,2736,37.48,34.53,40.778325,-74.7192989,21.08251566
Cape May,West Wildwood,0.28,0.29,603,540,236,15.25,253396,286634,5306,30,43.33,40.778325,-74.7192989,0.1469246
Cape May,Wildwood,1.3,1.54,5325,5157,2686,22.49,196682,228571,6087,27.18,25.76,40.778325,-74.7192989,109.1166925
Cape May,Wildwood Crest,1.13,1.3,3270,3101,1602,16.04,365647,388482,8240,21.51,42.57,40.778325,-74.7192989,151.2215937
Cape May,Woodbine,8.02,8.02,2472,2128,953,11.12,114790,106138,1028,25.77,31.98,40.778325,-74.7192989,401.0231186
Cumberland,Bridgeton,6.18,6.23,25349,27263,8067,10.18,71222,77167,1039,39.84,10.35,40.778325,-74.7192989,442.3645341
Cumberland,Commercial,32.13,31.91,5178,4669,1963,13.5,96066,98317,920,33.93,22.19,40.778325,-74.7192989,9211.184665
Cumberland,Deerfield,16.76,16.84,3119,3136,1615,8.24,142211,148552,691,27.92,29.21,40.778325,-74.7192989,163.4162347
Cumberland,Downe,48.61,48.4,1585,1399,619,9.53,137944,118489,1255,19.94,45.36,40.778325,-74.7192989,23814.33773
Cumberland,Fairfield,41.26,41.12,6295,5546,2135,12.18,139890,142843,673,48.27,13.59,40.778325,-74.7192989,13774.63692
Cumberland,Greenwich,17.84,17.77,804,771,374,8.29,179860,165181,1405,29.8,32.15,40.778325,-74.7192989,1805.164131
Cumberland,Hopewell,29.87,29.89,4571,4391,2223,7.38,169573,166623,625,25.67,30.86,40.778325,-74.7192989,9933.807646
Cumberland,Lawrence,36.92,36.92,3290,3087,1631,10.79,164475,165078,786,27.71,25.19,40.778325,-74.7192989,12603.58008
Cumberland,Maurice River,93.11,93.17,7976,6218,1395,12.76,161294,160866,765,24.79,29.15,40.778325,-74.7192989,32871.59076
Cumberland,Millville,42,42,28400,27491,13320,11.55,135064,134569,1268,31.01,18.56,40.778325,-74.7192989,9188.048694
Cumberland,Stow Creek,18.3,18.27,1431,1312,725,7.45,185181,187166,469,21.73,39.13,40.778325,-74.7192989,1883.560497
Cumberland,Upper Deerfield,31.1,31.24,7660,7645,3462,9.07,167396,175661,764,28.18,26.91,40.778325,-74.7192989,506.7058899
Cumberland,Vineland,68.42,68.39,60724,60780,28466,10.94,170392,166445,1209,32.92,17.72,40.778325,-74.7192989,7282.141135
Essex,Belleville,3.34,3.3,35926,38222,19624,11.92,243564,290964,1953,41.18,13.75,40.778325,-74.7192989,220.6369193
Essex,Bloomfield,5.3,5.34,47315,53105,27142,10.82,305121,348761,1814,50.63,12.69,40.778325,-74.7192989,215.5162568
Essex,Caldwell,1.17,1.18,7822,9027,4194,8.68,472733,495487,1510,35.74,24.38,40.778325,-74.7192989,33.85896263
Essex,Cedar Grove,4.25,4.24,12411,12980,6090,8.72,480714,511760,1265,28.46,28.21,40.778325,-74.7192989,503.7835783
Essex,East Orange,3.92,3.93,64270,69612,30076,14.31,203272,257003,2374,65.93,1.74,40.778325,-74.7192989,48.54137633
Essex,Essex Fells,1.41,1.41,2113,2244,955,6.39,1008546,987093,2906,22.59,47.88,40.778325,-74.7192989,17.57910724
Essex,Fairfield,10.3,10.13,7466,7872,3662,11,495964,603218,3149,18.89,44.77,40.778325,-74.7192989,13774.63692
Essex,Glen Ridge,1.28,1.27,7527,7802,3547,4.62,671484,743229,2076,49.56,15.95,40.778325,-74.7192989,28.5076077
Essex,Irvington,2.93,2.91,53926,61176,25484,14.45,143810,169354,2180,59.6,2.06,40.778325,-74.7192989,56.60920144
Essex,Livingston,13.77,13.79,29366,31330,14140,6.94,678215,710652,1576,37.72,17.54,40.778325,-74.7192989,2045.15595
Essex,Maplewood,3.88,3.87,23867,25684,12528,7.39,517426,553956,1856,65.36,6.41,40.778325,-74.7192989,542.1928482
Essex,Millburn,9.32,9.33,20149,21710,8670,5.25,1353904,1287946,2980,38.4,18.6,40.778325,-74.7192989,1747.837698
Essex,Montclair,6.31,6.24,37669,40921,19369,7.24,651343,713226,2214,63.08,7.72,40.778325,-74.7192989,289.809781
Essex,Newark,24.19,24.14,277140,311549,119436,14.69,218349,217111,2496,56.06,3.38,40.778325,-74.7192989,864.5973751
Essex,North Caldwell,3.01,3.07,6183,6694,3427,5.98,767281,765954,1529,26.94,31.92,40.778325,-74.7192989,97.60933856
Essex,Nutley,3.38,3.37,28370,30143,14763,9.93,362144,414937,2051,33.87,21.79,40.778325,-74.7192989,135.9420278
Essex,Orange,2.2,2.21,30134,34447,14205,13.57,210679,212842,2557,62.79,2.39,40.778325,-74.7192989,65.3179662
Essex,Roseland,3.54,3.62,5819,6299,3049,8.92,487023,504765,2790,33.58,30.61,40.778325,-74.7192989,472.1268449
Essex,South Orange,2.86,2.85,16198,18484,7925,6.57,601379,643453,2230,64.33,7.17,40.778325,-74.7192989,94.0757225
Essex,Verona,2.76,2.79,13332,14572,6987,8.14,425788,466112,1879,36.04,23.49,40.778325,-74.7192989,233.9625928
Essex,West Caldwell,5.05,5.1,10759,11012,5084,8.91,484002,485005,1948,30.65,28.95,40.778325,-74.7192989,613.0400166
Essex,West Orange,12.05,12,46207,48843,23583,9.16,376437,403949,1916,52.62,10.6,40.778325,-74.7192989,1405.984143
Gloucester,Clayton,7.14,7.07,8179,8807,4312,11.69,156705,162334,996,39.95,33.32,40.778325,-74.7192989,1531.765778
Gloucester,Deptford,17.36,17.33,30561,31977,15772,10.27,185705,192836,1185,43.05,16.61,40.778325,-74.7192989,473.4497574
Gloucester,East Greenwich,14.44,14.44,9555,11706,5444,6.98,295823,303441,823,32.55,23.9,40.778325,-74.7192989,375.248154
Gloucester,Elk,19.49,19.16,4216,4424,2073,8.06,209584,225835,1332,34.27,25.42,40.778325,-74.7192989,119.4586279
Gloucester,Franklin Twp,55.91,55.83,16820,16380,8577,10.7,196742,206588,979,29.51,25.49,40.778325,-74.7192989,12479.8207
Gloucester,Glassboro,9.18,9.32,18579,23149,9835,9.08,178837,192191,1389,40.44,17.22,40.778325,-74.7192989,1235.169951
Gloucester,Greenwich,8.97,8.98,4899,4917,2368,9.04,168418,168939,3074,51.81,17.53,40.778325,-74.7192989,1805.164131
Gloucester,Harrison Twp,19.14,18.93,12417,13641,6741,6.62,341378,362541,1037,26.51,34.64,40.778325,-74.7192989,261.6697992
Gloucester,Logan,21.93,21.93,6042,6000,3265,6.65,215511,225148,2398,45.29,20.8,40.778325,-74.7192989,449.7752048
Gloucester,Mantua,15.85,16,15217,15235,7879,8.4,217328,228217,1051,35.46,21.76,40.778325,-74.7192989,1014.796853
Gloucester,Monroe,46.39,46.42,36129,37117,18837,10.73,199912,209042,1015,45.16,19.02,40.778325,-74.7192989,8872.375618
Gloucester,National Park,1,1.01,3036,3026,1504,11.5,137685,139716,1253,46.34,14.6,40.778325,-74.7192989,38.1302825
Gloucester,Newfield,1.7,1.74,1553,1774,812,11.08,172327,186413,1132,41.18,23.86,40.778325,-74.7192989,37.27078267
Gloucester,Paulsboro,1.9,1.92,6097,6196,2708,14.33,107443,98939,1469,59.22,8.44,40.778325,-74.7192989,21.53357913
Gloucester,Pitman,2.27,2.22,9011,8780,4739,8.99,175743,188688,1063,32.67,24.05,40.778325,-74.7192989,94.81411456
Gloucester,South Harrison,15.68,15.9,3162,3395,1596,7.64,335460,352414,738,30.48,31.71,40.778325,-74.7192989,180.4648096
Gloucester,Swedesboro,0.72,0.73,2584,2711,1418,7.9,174405,188336,1118,34.65,20.33,40.778325,-74.7192989,18.8765565
Gloucester,Washington Twp,21.38,21.35,48559,48677,25452,8.9,227436,241777,902,36.12,26.24,40.778325,-74.7192989,59549.23301
Gloucester,Wenonah,0.97,1,2278,2283,1200,6.67,259227,264659,1168,36.4,23.74,40.778325,-74.7192989,132.1599326
Gloucester,West Deptford,15.41,15.36,21677,22197,11130,8.96,204718,215751,1738,39.16,19.32,40.778325,-74.7192989,448.3873859
Gloucester,Westville,1.02,1.02,4288,4264,2249,12.94,135204,129760,1499,36.23,19.75,40.778325,-74.7192989,66.55032979
Gloucester,Woodbury,2.01,2.02,10174,9963,4995,10.59,139487,150059,1465,43.45,17.43,40.778325,-74.7192989,140.9588357
Gloucester,Woodbury Heights,1.22,1.25,3055,3098,1648,8.8,185823,183881,1418,39.2,19.88,40.778325,-74.7192989,27.83319491
Gloucester,Woolwich,20.91,21.07,10200,12577,6508,5.35,319233,329514,937,30.86,25.45,40.778325,-74.7192989,894.5082638
Hudson,Bayonne,5.8,5.82,63024,71686,33192,12.63,334284,418690,134,51.82,11.43,40.778325,-74.7192989,216.8769688
Hudson,East Newark,0.1,0.1,2406,2594,1360,11.25,259322,372845,13972,67.73,6.06,40.778325,-74.7192989,0.62593332
Hudson,Guttenberg,0.2,0.19,11176,12017,6110,10.05,331776,382330,820,62.03,8.34,40.778325,-74.7192989,1.33299029
Hudson,Harrison,1.2,1.21,13620,19450,10324,8.93,406332,422185,271,63.58,6.83,40.778325,-74.7192989,38.71202709
Hudson,Hoboken,1.28,1.25,50005,60419,34415,4.72,754916,776262,301,44.39,14.79,40.778325,-74.7192989,103.4526167
Hudson,Jersey City,14.79,14.74,247597,292449,138858,10.41,415808,526430,108,54.48,7.41,40.778325,-74.7192989,1699.569199
Hudson,Kearny,8.77,8.84,40684,41999,20583,12.64,335215,395829,365,46.43,12.81,40.778325,-74.7192989,1178.285212
Hudson,North Bergen,5.13,5.14,60773,63361,31852,12.23,325123,372149,228,62.52,9.2,40.778325,-74.7192989,202.3784677
Hudson,Secaucus,5.82,5.83,16264,22181,11435,9.06,303341,351172,654,51.98,12.34,40.778325,-74.7192989,669.7776286
Hudson,Union City,1.28,1.29,66455,68589,35236,13.8,301486,361848,233,70.28,6.72,40.778325,-74.7192989,23.28554935
Hudson,Weehawken,0.8,0.78,12554,17197,8808,7.9,633136,777348,2602,51.88,12.57,40.778325,-74.7192989,35.26480607
Hudson,West New York,1.01,0.99,49708,52912,28323,11.2,309158,361082,70,58.04,11.38,40.778325,-74.7192989,37.44530385
Hunterdon,Alexandria,27.42,27.53,4938,4809,2435,7.02,413761,417546,4226,18.58,44.54,40.778325,-74.7192989,1129.808736
Hunterdon,Bethlehem,20.71,20.68,3979,3745,2040,6.57,377271,398337,5026,21.29,41.54,40.778325,-74.7192989,2578.126549
Hunterdon,Bloomsbury,0.88,0.93,870,792,435,8.05,226512,239005,7366,27.06,37.34,40.778325,-74.7192989,134.422976
Hunterdon,Califon,0.95,0.96,1076,1005,547,6.76,326941,339688,6285,31.68,36.03,40.778325,-74.7192989,75.706981
Hunterdon,Clinton,1.34,1.35,2719,2773,1371,6.86,333218,358009,5131,28.71,31.86,40.778325,-74.7192989,222.5575875
Hunterdon,Clinton Twp,29.88,29.87,13478,13505,5651,7.56,420135,423058,5587,21.16,42.07,40.778325,-74.7192989,6197.61165
Hunterdon,Delaware,36.64,36.66,4563,4560,2472,5.87,431240,429390,5057,26.21,40.71,40.778325,-74.7192989,2542.829916
Hunterdon,East Amwell,28.46,28.45,4013,3917,2113,7.05,396386,407618,7934,28.64,32.17,40.778325,-74.7192989,2362.606171
Hunterdon,Flemington,1.08,1.08,4581,4876,2356,8.19,257212,257212,3907,31.08,30.05,40.778325,-74.7192989,21.44732921
Hunterdon,Franklin Twp,22.8,23.04,3195,3267,1697,5.48,448137,422372,5532,19.82,44.41,40.778325,-74.7192989,12479.8207
Hunterdon,Frenchtown,1.26,1.13,1373,1370,745,8.05,302328,303798,4769,41.81,24.13,40.778325,-74.7192989,203.3593377
Hunterdon,Glen Gardner,1.52,1.55,1704,1682,1175,7.74,209533,223768,5058,26.3,36.36,40.778325,-74.7192989,102.3280831
Hunterdon,Hampton Boro,1.53,1.51,1401,1438,687,10.04,241465,247733,3794,23.17,33.74,40.778325,-74.7192989,45.60026027
Hunterdon,High Bridge,2.39,2.39,3648,3546,1749,9.38,248426,238993,4768,27.85,35.12,40.778325,-74.7192989,550.8603981
Hunterdon,Holland,23.51,23.47,5291,5177,2608,7.21,301022,311217,4403,20.29,42.1,40.778325,-74.7192989,2164.354785
Hunterdon,Kingwood,35.16,35.01,3845,3802,1832,7.42,366562,372951,4345,17,49.64,40.778325,-74.7192989,2128.625503
Hunterdon,Lambertville,1.15,1.08,3906,4139,2193,5.75,385675,400588,5174,57.6,15.98,40.778325,-74.7192989,76.20428945
Hunterdon,Lebanon,0.89,0.9,1358,1665,928,9.16,272704,275801,4750,23.37,39.28,40.778325,-74.7192989,19.96495965
Hunterdon,Lebanon Twp,31.46,31.43,6588,6195,3192,7.74,369320,379827,4368,19.82,41.93,40.778325,-74.7192989,4828.784492
Hunterdon,Milford,1.15,1.18,1233,1232,649,8.01,233167,236113,4093,29.82,35.42,40.778325,-74.7192989,139.7553902
Hunterdon,Raritan Twp,37.53,37.48,22185,23447,11516,7.04,408255,423041,5030,24.29,33.23,40.778325,-74.7192989,2526.86975
Hunterdon,Readington,47.74,47.56,16126,16128,8271,7.29,440937,434243,5421,18.95,46.9,40.778325,-74.7192989,3679.59105
Hunterdon,Stockton,0.54,0.55,538,495,262,7.25,353847,351720,4352,44.27,29.96,40.778325,-74.7192989,133.9684947
Hunterdon,Tewksbury,31.53,31.65,5993,5870,2643,5.98,658237,640264,6937,19.53,46.72,40.778325,-74.7192989,1774.279562
Hunterdon,Union Twp,18.74,18.77,5908,6507,2385,7.51,355289,368145,3907,21.14,39.98,40.778325,-74.7192989,4876.345574
Hunterdon,West Amwell,21.58,21.65,3840,3005,1342,7.15,392104,418634,5397,27.83,35.38,40.778325,-74.7192989,2160.700791
Mercer,East Windsor,15.65,15.57,27190,30045,16512,6.47,262167,272308,829,41.92,15.19,40.778325,-74.7192989,1360.068354
Mercer,Ewing,15.25,15.21,35790,37264,20038,7.58,175318,197784,1366,48.85,14.14,40.778325,-74.7192989,633.3176688
Mercer,Hamilton,39.49,39.44,88464,92297,52127,8.21,220485,229576,1238,34.92,20.39,40.778325,-74.7192989,29012.47454
Mercer,Hightstown,1.21,1.23,5494,5900,3539,6.19,220084,247006,1465,42.59,18.87,40.778325,-74.7192989,1.11064497
Mercer,Hopewell,0.7,0.72,1922,1918,1209,4.8,426921,440335,1775,52.5,15.85,40.778325,-74.7192989,21.92268152
Mercer,Hopewell Twp,58.03,58.07,17304,17491,10102,4.52,502822,493749,1375,37.55,23.37,40.778325,-74.7192989,9933.807646
Mercer,Lawrence,21.81,21.72,33472,33077,19306,5.84,302221,307276,1593,45.44,15.68,40.778325,-74.7192989,12603.58008
Mercer,Pennington,0.96,0.96,2585,2802,1419,4.09,498031,496746,1427,47.91,19.51,40.778325,-74.7192989,8.74149497
Mercer,Princeton,17.93,17.95,28572,30681,16888,3.97,937862,1018608,2118,54.99,10.46,40.778325,-74.7192989,1634.255515
Mercer,Robbinsville,20.32,20.44,13642,15476,8553,5.94,383762,404251,1866,29.9,23.84,40.778325,-74.7192989,2240.981379
Mercer,Trenton,7.65,7.58,84913,90871,40540,10.88,63259,65076,2703,54.64,4.58,40.778325,-74.7192989,431.9065842
Mercer,West Windsor,25.56,25.55,27165,29518,14900,4.09,584795,594853,1524,39.38,14.91,40.778325,-74.7192989,4843.346506
Middlesex,Carteret,4.42,4.39,22844,25326,11778,11.57,224823,275649,1920,50.3,10.28,40.778325,-74.7192989,138.3694505
Middlesex,Cranbury,13.25,13.28,3857,3842,2042,6.32,615478,662471,3540,37.15,24.53,40.778325,-74.7192989,309.4331811
Middlesex,Dunellen,1.05,1.06,7227,7637,4501,9,262665,298803,1075,34.54,20.27,40.778325,-74.7192989,10.1301545
Middlesex,East Brunswick,21.7,21.78,47512,49715,25850,7.83,369841,380312,1542,35.99,19.09,40.778325,-74.7192989,2748.451849
Middlesex,Edison,29.94,30.07,99967,107588,53697,7.16,412839,448179,1522,50.24,13.25,40.778325,-74.7192989,1974.889665
Middlesex,Helmetta,0.85,0.83,2178,2455,1284,9.5,228126,250030,1082,28.96,22.77,40.778325,-74.7192989,195.5530797
Middlesex,Highland Park,1.81,1.82,13982,15072,7640,6.69,341182,349462,1242,59.71,9.36,40.778325,-74.7192989,159.2294988
Middlesex,Jamesburg,0.88,0.88,5915,5783,2891,9.65,232518,235953,1053,34.68,19.06,40.778325,-74.7192989,17.30525043
Middlesex,Metuchen,2.76,2.85,13574,15049,7950,6.47,410310,324883,1507,46.49,16.13,40.778325,-74.7192989,96.12506452
Middlesex,Middlesex Borough,3.52,3.49,13635,14636,7689,10.08,278609,354335,1546,30.69,22.77,40.778325,-74.7192989,186.4182219
Middlesex,Milltown,1.55,1.55,6893,7037,4285,6.98,326071,392395,1496,33.82,19.86,40.778325,-74.7192989,72.55042019
Middlesex,Monroe,41.97,41.94,39132,48594,17984,8.84,364182,285192,1432,37.88,22.99,40.778325,-74.7192989,8872.375618
Middlesex,New Brunswick,5.23,5.23,55181,55266,26450,7.96,272118,328277,1660,45.63,5.36,40.778325,-74.7192989,306.0291588
Middlesex,North Brunswick,12,12.03,40742,43905,23637,8.6,288286,375525,1255,44.09,12.18,40.778325,-74.7192989,788.3182828
Middlesex,Old Bridge,38.06,38.18,65375,66876,36631,8.67,362209,427944,903,32.37,22.22,40.778325,-74.7192989,5605.886243
Middlesex,Perth Amboy,4.7,4.66,50814,55436,25815,15.68,230329,258757,1535,48.82,6.6,40.778325,-74.7192989,118.5372708
Middlesex,Piscataway,18.83,18.79,56044,60804,29634,8.29,306142,375949,1330,45.7,10.75,40.778325,-74.7192989,1194.624478
Middlesex,Plainsboro,11.78,11.74,22999,24084,12942,5.2,441879,460735,1371,41.86,12.08,40.778325,-74.7192989,1617.077208
Middlesex,Sayreville,15.84,15.83,42704,45345,23876,8.96,292894,330955,1441,41.01,16.19,40.778325,-74.7192989,863.0769827
Middlesex,South Amboy,1.55,1.54,8631,9411,5203,8.92,267086,300877,2071,43.68,16.53,40.778325,-74.7192989,41.56841856
Middlesex,South Brunswick,40.65,40.61,43417,47043,24844,6.75,444042,448855,1363,40.94,14.36,40.778325,-74.7192989,4465.920461
Middlesex,South Plainfield,8.33,8.3,23385,24338,13535,8.58,329800,372762,1304,35.28,18.11,40.778325,-74.7192989,329.2341754
Middlesex,South River,2.77,2.78,16008,16118,8301,10.73,275598,293470,1195,35.62,18.26,40.778325,-74.7192989,227.7930346
Middlesex,Spotswood,2.27,2.31,8257,8163,4620,8.96,270812,297782,1451,29.47,24.31,40.778325,-74.7192989,110.1763592
Middlesex,Woodbridge,23.21,23.26,99585,103639,53233,9.25,261695,307620,1812,43.2,14.41,40.778325,-74.7192989,789.2383205
Monmouth,Aberdeen,5.45,5.44,18210,19329,10631,8.97,302254,561551,1141,32.67,21.17,40.778325,-74.7192989,632.4345043
Monmouth,Allenhurst,0.26,0.25,496,472,291,6.53,1913408,328604,12021,25.36,33.53,40.778325,-74.7192989,15.59183449
Monmouth,Allentown,0.6,0.6,1828,1734,986,7.2,298720,2512793,1744,31.06,24.91,40.778325,-74.7192989,67.4636141
Monmouth,Asbury Park,1.42,1.43,16116,15188,7447,12.17,287594,305970,3262,46.35,7.77,40.778325,-74.7192989,111.4917207
Monmouth,Atlantic Highlands,1.29,1.26,4385,4414,2561,7.54,435233,379313,2252,31.01,28.43,40.778325,-74.7192989,73.17202634
Monmouth,Avon By The Sea,0.43,0.43,1901,1933,936,7.59,923641,496964,2971,25.76,30.9,40.778325,-74.7192989,29.77924969
Monmouth,Belmar,1.05,1.05,5794,5907,3355,9.21,551225,1117897,3233,29.42,25.09,40.778325,-74.7192989,71.33669427
Monmouth,Bradley Beach,0.61,0.61,4298,4282,2453,9.09,550693,634146,2384,34.92,19.68,40.778325,-74.7192989,68.39902473
Monmouth,Brielle,1.76,1.76,4774,4982,2256,8.51,689891,671674,2029,18.75,41.76,40.778325,-74.7192989,34.52617373
Monmouth,Colts Neck,30.73,30.72,10142,9957,4454,7.95,831430,736164,1266,15.5,43.55,40.778325,-74.7192989,1964.969204
Monmouth,Deal,1.24,1.18,750,900,339,6.78,2391133,849601,18892,21.02,28.88,40.778325,-74.7192989,9.06646927
Monmouth,Eatontown,5.83,5.84,12709,13597,7193,10.57,348484,3088810,2253,30.57,21.88,40.778325,-74.7192989,235.8917129
Monmouth,Englishtown,0.57,0.57,1847,2346,1072,9.98,315450,399227,1360,23.58,26.13,40.778325,-74.7192989,18.57456529
Monmouth,Fair Haven,1.6,1.59,6121,6269,2709,5.09,786348,323831,1673,27.85,30.04,40.778325,-74.7192989,95.07231276
Monmouth,Farmingdale,0.52,0.52,1329,1504,820,10.61,288448,878876,796,21.53,33.68,40.778325,-74.7192989,11.8597135
Monmouth,Freehold,1.95,1.93,12052,12538,6229,7.82,253295,328515,1448,35.38,18.17,40.778325,-74.7192989,7905.109223
Monmouth,Freehold Twp,38.5,38.65,36184,35369,18231,8.71,411075,278326,1288,25.12,27.94,40.778325,-74.7192989,440.9769871
Monmouth,Hazlet,5.56,5.57,20334,20125,10571,9.58,332710,421494,1097,27.72,25.89,40.778325,-74.7192989,34.34494843
Monmouth,Highlands,0.77,0.74,5005,4621,2752,10.17,247422,447350,2513,29.85,26.3,40.778325,-74.7192989,1723.726186
Monmouth,Holmdel,17.9,17.85,16773,17400,7751,6.88,672348,349719,1569,20.45,36.36,40.778325,-74.7192989,6022.356584
Monmouth,Howell,60.56,60.27,51075,53537,28306,9.07,355991,285851,1058,22.97,28.71,40.778325,-74.7192989,39.97187735
Monmouth,Interlaken,0.33,0.33,820,828,417,7.19,684878,695480,3242,28.03,46.24,40.778325,-74.7192989,37.64580524
Monmouth,Keansburg,1.07,1.07,10105,9755,5192,12.38,147600,383509,1961,30,19.39,40.778325,-74.7192989,11.63744186
Monmouth,Keyport,1.4,1.38,7240,7204,4020,10.32,260695,785388,1604,31.94,23.86,40.778325,-74.7192989,104.9658609
Monmouth,Lake Como,0.25,0.25,1759,1697,944,9.75,391740,2237690,2207,31.36,21.43,40.778325,-74.7192989,6.01543658
Monmouth,Little Silver,2.71,2.71,5950,6131,2909,6.05,667703,183891,1945,25.63,33.97,40.778325,-74.7192989,87.63496799
Monmouth,Loch Arbour,0.1,0.09,194,224,107,5.61,1102053,290127,6887,39.86,24.48,40.778325,-74.7192989,160.4430021
Monmouth,Long Branch,5.27,5.12,30719,31667,15995,8.73,441270,688213,1999,37.22,16.47,40.778325,-74.7192989,2170.538913
Monmouth,Manalapan,30.61,30.65,38872,40905,20901,8.97,432599,1162112,926,26.79,24.79,40.778325,-74.7192989,143.4057232
Monmouth,Manasquan,1.38,1.38,5897,5938,3076,7.8,663228,516637,2038,23.87,32.22,40.778325,-74.7192989,2357.639584
Monmouth,Marlboro,30.36,30.34,40191,41502,19820,7.63,525078,480487,1029,28.16,21.81,40.778325,-74.7192989,157.6619986
Monmouth,Matawan,2.26,2.27,8810,9565,4868,9.06,327799,778429,1559,31.2,23.67,40.778325,-74.7192989,3971.683495
Monmouth,Middletown,40.99,40.95,66522,67106,34266,8.67,418989,360250,1310,24.61,29.62,40.778325,-74.7192989,5325.567911
Monmouth,Millstone Twp,36.59,36.61,10566,10376,5811,6.99,539627,452125,772,18.92,38.47,40.778325,-74.7192989,7.09453922
Monmouth,Monmouth Beach,1.08,1.04,3279,3174,1747,6.64,708947,593237,2401,23.28,33.96,40.778325,-74.7192989,4.90576319
Monmouth,Neptune City,0.95,0.9,4869,4626,2696,11.54,261856,362750,1714,29.68,25.54,40.778325,-74.7192989,614.3346885
Monmouth,Neptune Twp,8.18,8.13,27935,28061,15189,11.27,325007,789991,1679,42.63,15.66,40.778325,-74.7192989,5484.107884
Monmouth,Ocean Twp,10.88,10.87,27291,27672,14760,8.95,460382,542012,1466,30.57,22.75,40.778325,-74.7192989,171.3758564
Monmouth,Oceanport,3.18,3.17,5832,6150,2941,9.08,527981,580377,1844,23.53,32.12,40.778325,-74.7192989,41.19242349
Monmouth,Red Bank,1.74,1.75,12206,12936,6788,7.41,373169,257538,1932,39.11,20.39,40.778325,-74.7192989,563.0324887
Monmouth,Roosevelt,1.91,1.94,882,808,409,8.56,255660,1476547,1421,62.5,13.1,40.778325,-74.7192989,173.406045
Monmouth,Rumson,5.06,5.07,7122,7343,2940,5.61,1390304,697318,2945,19.5,36.27,40.778325,-74.7192989,3.71537051
Monmouth,Sea Bright,0.73,0.72,1412,1449,857,8.87,537706,1907693,4652,24.51,33.44,40.778325,-74.7192989,64.89523795
Monmouth,Sea Girt,1.06,1.06,1828,1866,807,7.19,1818722,601210,4085,14.63,55.33,40.778325,-74.7192989,101.9549766
Monmouth,Shrewsbury,2.17,2.16,3809,4184,2124,6.83,549100,150323,2455,25.06,32.3,40.778325,-74.7192989,2.26108057
Monmouth,Shrewsbury Twp,0.1,0.1,1141,1076,594,12.46,156822,442592,1094,39.94,17.69,40.778325,-74.7192989,200.9301431
Monmouth,Spring Lake,1.33,1.33,2993,2789,1108,6.86,2009777,521833,4187,18.76,45.16,40.778325,-74.7192989,33.38444573
Monmouth,Spring Lake Heights,1.28,1.29,4713,4890,2466,9.37,480013,402365,1530,27.05,33.59,40.778325,-74.7192989,33.38444573
Monmouth,Tinton Falls,15.49,15.47,17892,19181,8879,8.65,346369,319454,1573,30.86,26.06,40.778325,-74.7192989,683.6856451
Monmouth,Union Beach,1.8,1.78,6245,5723,2979,12.05,236268,293877,2079,25.75,25.47,40.778325,-74.7192989,319.3011684
Monmouth,Upper Freehold,46.42,46.48,6902,7273,3380,7.37,477703,526423,949,19.55,43.26,40.778325,-74.7192989,6723.312877
Monmouth,Wall,30.67,30.66,26164,26525,13308,8.05,492523,533451,1711,19.71,36.05,40.778325,-74.7192989,4341.203586
Monmouth,West Long Branch,2.86,2.86,8097,8587,4074,8.47,474230,529445,1648,24.32,27.07,40.778325,-74.7192989,75.91963856
Morris,Boonton,2.34,2.34,8347,8815,4986,8.26,375951,390988,1995,28.5,35.16,40.778325,-74.7192989,108.5461175
Morris,Boonton Twp,8.24,8.13,4263,4380,1849,8.82,558710,584267,1756,21.63,45.32,40.778325,-74.7192989,1252.869293
Morris,Butler,2.04,2.03,7539,8047,4445,7.9,325413,339327,2107,23.67,33.32,40.778325,-74.7192989,47.90219923
Morris,Chatham,2.37,2.35,8962,9212,3952,4.98,808260,824490,2230,29.02,30.31,40.778325,-74.7192989,185.3834896
Morris,Chatham Twp,8.98,9.08,10452,10983,4340,5.58,888782,927765,1991,25.33,39.69,40.778325,-74.7192989,1093.587686
Morris,Chester,1.59,1.59,1649,1681,751,5.59,476828,489912,3678,21.17,46.73,40.778325,-74.7192989,159.9953088
Morris,Chester Twp,29.38,29.13,7838,7713,3283,5.91,685672,664581,2554,19.76,44.38,40.778325,-74.7192989,6756.177149
Morris,Denville,11.87,11.99,16635,17107,8381,7.9,433004,441101,1809,24.22,40.62,40.778325,-74.7192989,1545.317226
Morris,Dover,2.68,2.68,18157,18460,10044,7.6,249484,260481,1832,48.76,14.48,40.778325,-74.7192989,184.9373432
Morris,East Hanover,7.89,7.87,11157,11105,5570,9.17,473425,495195,2806,24.12,37.55,40.778325,-74.7192989,1040.45831
Morris,Florham Park,7.29,7.31,11696,12585,5788,7.29,674837,680963,2184,24.54,39.61,40.778325,-74.7192989,497.6526525
Morris,Hanover,10.52,10.51,13712,14677,7302,7.74,476501,459719,2374,21.6,43.66,40.778325,-74.7192989,871.2082994
Morris,Harding,19.92,20.05,3838,3871,1497,6.35,1312892,1284224,3210,18.25,49.47,40.778325,-74.7192989,999.2904578
Morris,Jefferson,39.13,38.9,21314,20538,10560,9.51,301745,316737,1591,21.12,37.93,40.778325,-74.7192989,11002.02408
Morris,Kinnelon,17.99,18.03,10248,9966,4625,7.29,583606,578212,1707,18.88,47.57,40.778325,-74.7192989,4215.891469
Morris,Lincoln Park,6.38,6.4,10521,10915,5489,9.73,326893,347978,2536,25.71,31.62,40.778325,-74.7192989,1404.05785
Morris,Long Hill,11.85,11.8,8702,8629,4325,6.89,532881,537334,2222,23.06,36.75,40.778325,-74.7192989,1292.256234
Morris,Madison,4.21,4.31,15845,16937,8083,6.01,769592,825808,2601,31.26,29.77,40.778325,-74.7192989,246.243638
Morris,Mendham,5.95,5.93,4981,4981,1956,6.24,727532,701728,2035,23.55,43.17,40.778325,-74.7192989,288.7855719
Morris,Mendham Twp,17.87,17.78,5869,6016,2478,5.29,918192,861425,2525,21.94,42.39,40.778325,-74.7192989,2649.329904
Morris,Mine Hill,2.94,2.94,3651,4015,1846,11.86,280902,300434,1623,27.94,30.28,40.778325,-74.7192989,499.089572
Morris,Montville,18.48,18.63,21528,22450,10352,8.08,591983,590424,1913,22.34,38.03,40.778325,-74.7192989,2745.974138
Morris,Morris Plains,2.56,2.55,5532,6153,3077,7.77,471880,496159,2975,28.37,37.86,40.778325,-74.7192989,129.7986675
Morris,Morris Twp,15.62,15.68,22306,22974,10968,6.15,563501,600153,1998,32.47,31.73,40.778325,-74.7192989,2042.319238
Morris,Morristown,2.93,2.91,18411,20180,11443,7.14,486187,461253,2908,44.48,19.09,40.778325,-74.7192989,205.0978354
Morris,Mount Arlington,2.17,2.14,5050,5909,3255,8.88,315820,341969,2502,23.5,40.19,40.778325,-74.7192989,195.1883464
Morris,Mount Olive,29.41,29.62,28117,28886,15191,8.35,328692,349807,1358,25.29,32.04,40.778325,-74.7192989,6538.669648
Morris,Mountain Lakes,2.62,2.64,4160,4472,1769,5.26,882157,827938,2900,29.03,30.83,40.778325,-74.7192989,19.2274765
Morris,Netcong,0.84,0.83,3232,3375,1519,12.11,238179,253061,1617,27.04,36.98,40.778325,-74.7192989,106.2373879
Morris,Parsippany-Troy Hills,23.56,23.63,53238,56162,27011,8.14,369984,378248,1923,27.94,33.93,40.778325,-74.7192989,3763.862818
Morris,Pequannock,6.75,6.79,15540,15571,7477,8,414042,461567,1689,23.16,38.07,40.778325,-74.7192989,777.7141408
Morris,Randolph,20.82,20.91,25734,26504,13269,7.47,499787,512412,2182,27.86,29.83,40.778325,-74.7192989,2531.497317
Morris,Riverdale,2.01,2.03,3559,4107,2596,7.55,346666,347741,2270,20.13,41.3,40.778325,-74.7192989,19.12280652
Morris,Rockaway,2.07,2.07,6438,6598,3886,8.36,325328,323556,1853,26.36,34.6,40.778325,-74.7192989,37.24034336
Morris,Rockaway Twp,41.4,41.73,24156,25341,14010,7.55,362221,373912,1751,27.52,34.63,40.778325,-74.7192989,9482.473899
Morris,Roxbury,20.83,20.85,23324,22950,11852,8.96,337278,350986,1572,22.92,35.46,40.778325,-74.7192989,3354.407719
Morris,Victory Gardens,0.15,0.15,1520,1582,751,7.59,174123,210638,1472,49.7,10.88,40.778325,-74.7192989,10.93682017
Morris,Washington Twp,44.39,44.58,18533,18197,9085,6.58,447305,446937,1308,19.96,40.13,40.778325,-74.7192989,59549.23301
Morris,Wharton,2.15,2.07,6522,7241,3521,11.02,260974,295875,2180,34.21,27.14,40.778325,-74.7192989,217.2662704
Ocean,Barnegat Light,0.73,0.83,574,640,318,3.46,777113,259894,6200,21.9,50.4,40.778325,-74.7192989,108.7083504
Ocean,Barnegat Twp,34.38,34.24,20936,24296,11074,9.97,238910,224376,1174,23.49,30.57,40.778325,-74.7192989,8969.72747
Ocean,Bay Head,0.58,0.59,968,930,430,8.14,1554867,825728,6207,17.9,50.72,40.778325,-74.7192989,25.64767062
Ocean,Beach Haven,0.98,0.98,1170,1027,542,9.23,833300,1653790,10831,21.84,36.75,40.778325,-74.7192989,40.39245856
Ocean,Beachwood,2.85,2.76,11045,10859,6457,9.35,222163,935610,963,22.17,27.2,40.778325,-74.7192989,493.379368
Ocean,Berkeley Twp,42.86,42.71,41255,43754,16352,12.17,211692,235561,1197,24.8,32.47,40.778325,-74.7192989,13125.19409
Ocean,Brick,25.72,25.59,75072,73620,40378,9.54,305740,228634,1388,22.44,29.96,40.778325,-74.7192989,1954.815964
Ocean,Eagleswood,16.06,16.1,1603,1722,841,10.82,235938,352233,1097,17.73,41.34,40.778325,-74.7192989,2589.309553
Ocean,Harvey Cedars,0.56,0.56,337,391,134,5.97,1009551,252650,13703,24.11,38.9,40.778325,-74.7192989,26.89995519
Ocean,Island Heights,0.61,0.61,1673,1650,866,9.24,383603,1054145,1781,24.85,32.97,40.778325,-74.7192989,22.93685163
Ocean,Jackson,99.24,99.17,54856,58544,30340,8.74,360481,417639,838,22.8,29,40.778325,-74.7192989,19228.93541
Ocean,Lacey,83.26,83.25,27644,28655,15717,8.96,271212,379206,1104,17.86,33.65,40.778325,-74.7192989,31682.23159
Ocean,Lakehurst,0.91,0.9,2654,2636,1362,10.13,177570,291652,1650,21.71,28.03,40.778325,-74.7192989,5.20070976
Ocean,Lakewood,24.58,24.68,92843,135158,32854,7.78,336268,189025,1012,14.93,40,40.778325,-74.7192989,1667.429777
Ocean,Lavallette,0.81,0.82,1875,1787,760,7.63,783638,392763,4843,15.05,51.35,40.778325,-74.7192989,95.76903294
Ocean,Little Egg Harbor,47.37,47.35,20065,20784,9955,11.22,201825,889227,1091,20.85,34.34,40.778325,-74.7192989,18839.10008
Ocean,Long Beach,5.44,5.45,3051,3153,1260,9.13,1014588,214818,9626,21.92,40.74,40.778325,-74.7192989,87.63496799
Ocean,Manchester,81.62,81.42,43070,45115,14605,11.66,185132,1096556,851,26.66,33.92,40.778325,-74.7192989,23222.89358
Ocean,Ocean Gate,0.45,0.45,2011,1932,1142,10.25,208815,306541,1662,27.37,33.36,40.778325,-74.7192989,0.84693912
Ocean,Ocean Twp,20.56,20.87,8332,8835,4194,9.37,291396,2887128,1366,17.86,40.81,40.778325,-74.7192989,5484.107884
Ocean,Pine Beach,0.61,0.64,2127,2139,1230,7.24,303850,237154,1321,24.76,33.81,40.778325,-74.7192989,21.98203971
Ocean,Plumsted,39.71,39.14,8421,8072,4286,8.68,303465,329975,506,17.2,33.76,40.778325,-74.7192989,2133.824132
Ocean,Point Pleasant,3.49,3.49,18392,18941,10345,8.16,399729,320030,1188,20.8,33.29,40.778325,-74.7192989,77.11048783
Ocean,Point Pleasant Beach,1.43,1.42,4665,4766,2503,8.39,578296,439917,3371,20.79,40.29,40.778325,-74.7192989,71.24556675
Ocean,Seaside Heights,0.62,0.62,2887,2440,1215,14.57,229980,634940,4965,18.94,35.64,40.778325,-74.7192989,82.87891811
Ocean,Seaside Park,0.65,0.65,1579,1436,700,9.14,581550,240748,7006,19.18,42.76,40.778325,-74.7192989,59.43424732
Ocean,Ship Bottom,0.71,0.71,1156,1098,589,8.15,659163,578427,6686,21.79,44.72,40.778325,-74.7192989,13.14938679
Ocean,South Toms River,1.17,1.16,3684,3643,1713,11.73,166740,720280,1410,30.01,18.78,40.778325,-74.7192989,126.4183003
Ocean,Stafford,45.85,46.11,26535,28617,13571,9.41,293135,177509,1735,20.25,34.67,40.778325,-74.7192989,11486.99595
Ocean,Surf City,0.75,0.74,1205,1243,489,7.77,757948,325000,5826,18.36,44.63,40.778325,-74.7192989,3.72473758
Ocean,Toms River,40.49,40.54,91239,95438,50332,9.49,324359,336328,1432,21.1,30.79,40.778325,-74.7192989,3045.665688
Ocean,Tuckerton,3.36,3.36,3347,3577,1750,10.51,213741,865127,1443,19.25,37.91,40.778325,-74.7192989,99.33757909
Passaic,Bloomingdale,8.71,8.8,7656,7777,4023,9.82,295920,294238,1577,29.65,26.49,40.778325,-74.7192989,2367.351857
Passaic,Clifton,11.26,11.28,84136,90296,44846,11.19,322957,355720,1472,39.49,16.96,40.778325,-74.7192989,224.5909525
Passaic,Haledon,1.15,1.21,8318,9052,4455,13.29,251526,302792,1392,47.74,13.74,40.778325,-74.7192989,4.54519645
Passaic,Hawthorne,3.33,3.32,18791,19637,10160,10.15,355551,389429,1241,30.1,31.77,40.778325,-74.7192989,113.2517416
Passaic,Little Falls,2.74,2.79,14432,13360,7508,8.58,329363,349441,1410,29.99,21.8,40.778325,-74.7192989,57.99307921
Passaic,North Haledon,3.45,3.46,8417,8927,4438,9.4,429560,448288,1723,21.41,39.62,40.778325,-74.7192989,236.5079008
Passaic,Passaic,3.15,3.13,69781,70537,29430,13.46,317675,379889,1355,44.45,10.04,40.778325,-74.7192989,97.16268956
Passaic,Paterson,8.43,8.41,146199,159732,63873,18.52,212842,259020,1491,50.21,5.45,40.778325,-74.7192989,311.1807855
Passaic,Pompton Lakes,2.91,2.89,11097,11127,6438,8.79,274008,297010,1327,25.6,29.01,40.778325,-74.7192989,385.4613409
Passaic,Prospect Park,0.48,0.47,5865,6372,3305,12.98,240484,301105,1286,59.09,9.37,40.778325,-74.7192989,5.76023402
Passaic,Ringwood,25.21,25.59,12228,11735,6370,8.74,341086,364375,1369,24.72,32.6,40.778325,-74.7192989,7461.059944
Passaic,Totowa,3.99,4,10804,11065,5186,12.03,372258,388264,1993,21.81,41.97,40.778325,-74.7192989,115.0975472
Passaic,Wanaque,7.99,8.07,11116,11317,6523,8.2,263214,287044,1265,27.22,30.72,40.778325,-74.7192989,1474.997578
Passaic,Wayne,23.73,23.72,54717,54838,27404,8.13,434549,477846,1611,27.07,32.78,40.778325,-74.7192989,2354.951262
Passaic,West Milford,75.09,75.93,25850,24862,14734,8.15,263539,279378,1361,21.98,35.72,40.778325,-74.7192989,23851.08292
Passaic,Woodland Park,2.96,2.94,11819,13484,6477,13.08,376190,388080,1470,35.66,20.75,40.778325,-74.7192989,412.981142
Salem,Alloway,33.4,33.48,3467,3283,1641,7.8,201042,198399,549,20.43,28.49,40.778325,-74.7192989,2282.333305
Salem,Carneys Point,16.86,16.91,8049,8637,3521,10,138845,49975,1372,36.02,17.6,40.778325,-74.7192989,248.2946424
Salem,Elmer,0.87,0.89,1395,1347,674,8.46,172046,138392,851,47.69,59.72,40.778325,-74.7192989,36.20611057
Salem,Elsinboro,11.92,11.93,1036,1001,446,8.74,162844,167479,871,26.06,27.88,40.778325,-74.7192989,1533.400834
Salem,Lower Alloways Creek,45.23,45.31,1770,1717,760,8.42,175694,161412,5683,24.21,28.65,40.778325,-74.7192989,10116.39177
Salem,Mannington,33.7,33.88,1806,1475,710,8.17,181158,168064,746,21.13,29.29,40.778325,-74.7192989,2121.511475
Salem,Oldmans,19.45,19.51,1773,1910,959,6.88,190995,183482,1408,25.28,29.89,40.778325,-74.7192989,412.1853614
Salem,Penns Grove,0.91,0.89,5147,4837,1995,13.63,81222,196022,1463,51.25,7.96,40.778325,-74.7192989,4.72254727
Salem,Pennsville,21.28,21.27,13409,12684,6090,8.21,152154,78479,1498,21.98,23.94,40.778325,-74.7192989,298.1239956
Salem,Pilesgrove,34.84,34.93,4016,4183,1830,8.14,259034,160592,759,23.8,29.36,40.778325,-74.7192989,1203.022641
Salem,Pittsgrove,45.08,44.9,9393,8777,4726,8.76,204796,267844,470,24.33,24.41,40.778325,-74.7192989,5108.633317
Salem,Quinton,24.09,23.79,2666,2580,1183,10.48,147746,208078,703,24.74,26.73,40.778325,-74.7192989,1954.93031
Salem,Salem,2.34,2.34,5146,5296,1729,17.87,49120,144905,2169,51.07,6.06,40.778325,-74.7192989,148.2474514
Salem,Upper Pittsgrove,40.33,40.24,3505,3432,1651,8.12,212149,228634,628,16.21,32.85,40.778325,-74.7192989,104.5740737
Salem,Woodstown,1.58,1.57,3505,3678,1618,9.27,197070,204992,1240,29.92,23.09,40.778325,-74.7192989,165.0707606
Somerset,Bedminster,26.08,26.12,8165,8272,4781,6.99,390489,393035,1471,25.72,35.67,40.778325,-74.7192989,1745.485575
Somerset,Bernards Twp,23.93,24.2,26652,27830,12331,5.81,665202,654130,1551,24.83,36.82,40.778325,-74.7192989,2539.85285
Somerset,Bernardsville,12.91,12.84,7707,7893,3785,5.52,766048,740228,2090,23.18,43.98,40.778325,-74.7192989,506.251856
Somerset,Bound Brook,1.66,1.66,10402,11988,5762,9.22,259798,279821,1652,35.9,20.87,40.778325,-74.7192989,95.00611376
Somerset,Branchburg,20.04,20.07,14459,14940,7796,6.76,440446,481772,1565,23.41,36.74,40.778325,-74.7192989,1940.822431
Somerset,Bridgewater,32.04,31.89,44464,45977,22025,7.59,457360,465899,984,28.21,27.73,40.778325,-74.7192989,3026.08985
Somerset,Far Hills,4.8,4.85,919,924,452,7.52,962944,858473,3532,20.19,48.13,40.778325,-74.7192989,299.5527144
Somerset,Franklin Twp,46.15,46.17,62300,68364,33648,8.52,338011,392159,1032,46.24,13.72,40.778325,-74.7192989,12479.8207
Somerset,Green Brook,4.47,4.41,7203,7281,3582,7.62,480658,484645,1248,26.64,27.16,40.778325,-74.7192989,152.6403459
Somerset,Hillsborough,54.54,54.61,38303,43276,21462,7.08,420505,446734,792,28.57,25.22,40.778325,-74.7192989,7670.302482
Somerset,Manville,2.36,2.36,10344,10953,5311,10.47,235756,253304,1405,28.7,26.73,40.778325,-74.7192989,261.4881976
Somerset,Millstone,0.74,0.68,418,448,201,7.96,340196,348323,1996,38.83,27.37,40.778325,-74.7192989,135.0089224
Somerset,Montgomery,32.31,32.3,22254,23690,10219,6,606614,611286,1288,32.78,21.82,40.778325,-74.7192989,3802.94449
Somerset,North Plainfield,2.79,2.81,21936,22808,12124,9.58,237779,274705,1284,46.68,14.53,40.778325,-74.7192989,131.5365342
Somerset,Peapack Gladstone,5.81,5.73,2582,2558,1216,5.59,668220,674720,2575,22.3,47.89,40.778325,-74.7192989,342.9639153
Somerset,Raritan,1.99,1.99,6881,7835,4072,8.87,340483,363183,1573,30.57,25.83,40.778325,-74.7192989,69.68073427
Somerset,Rocky Hill,0.62,0.61,682,743,353,6.8,440477,453052,1560,43.22,26.44,40.778325,-74.7192989,122.1189113
Somerset,Somerville,2.33,2.34,12098,12346,6391,8.75,295558,315482,1838,37.3,22.18,40.778325,-74.7192989,122.607557
Somerset,South Bound Brook,0.66,0.64,4563,4863,2414,11.89,252376,279945,1481,34.69,19.3,40.778325,-74.7192989,80.79698711
Somerset,Warren,19.57,19.57,15311,15923,7168,6.89,736223,732587,1351,22.14,32.32,40.778325,-74.7192989,1086.755917
Somerset,Watchung,6.03,6.02,5801,6449,2832,8.09,704768,721042,2694,25.46,33.16,40.778325,-74.7192989,99.54520116
Sussex,Andover,1.45,1.35,606,595,342,9.94,232683,224050,1735,28.89,37.04,40.778325,-74.7192989,371.6420085
Sussex,Andover Twp,19.96,20.04,6319,5996,2925,8.31,266960,294509,1645,19.82,44.79,40.778325,-74.7192989,2460.663325
Sussex,Branchville,0.59,0.59,841,791,349,9.46,249848,258476,1636,20.27,52.76,40.778325,-74.7192989,7.16401224
Sussex,Byram,21.07,21.53,8350,8028,4257,8.64,270887,278381,1584,21.59,36.42,40.778325,-74.7192989,4965.490123
Sussex,Frankford,34.02,33.88,5565,5302,2564,8.78,285219,288867,848,15.26,56.25,40.778325,-74.7192989,4213.012552
Sussex,Franklin,4.5,4.36,5045,4912,2405,11.48,179140,192384,1519,18.67,43.2,40.778325,-74.7192989,296.6980378
Sussex,Fredon,17.72,17.64,3437,3235,1716,9.97,329052,332016,933,17.2,48.19,40.778325,-74.7192989,2323.535576
Sussex,Green,15.98,16.03,3601,3627,1730,8.79,338374,347098,1112,16.29,44.98,40.778325,-74.7192989,1377.051909
Sussex,Hamburg,1.14,1.14,3277,3266,1785,11.09,165942,172207,1108,21.92,36.06,40.778325,-74.7192989,43.19506446
Sussex,Hampton Twp,24.38,24.57,5196,4893,2626,8.26,241109,253874,929,20.23,45.21,40.778325,-74.7192989,4285.782967
Sussex,Hardyston,31.97,31.98,8213,8125,4371,9.22,241463,253306,1481,19.72,39.52,40.778325,-74.7192989,5230.267044
Sussex,Hopatcong,10.85,10.89,15147,14362,7878,10.78,239665,261556,1375,23.08,36.18,40.778325,-74.7192989,1092.832984
Sussex,Lafayette,17.96,17.88,2538,2358,1247,8.82,316054,326968,1170,15.2,47.69,40.778325,-74.7192989,895.6209919
Sussex,Montague,44,45.23,3847,3792,1714,8.93,157960,168530,729,15.81,50.19,40.778325,-74.7192989,16717.2701
Sussex,Newton,3.15,3.36,7997,8374,3545,9.7,194816,206937,1655,24.39,34.08,40.778325,-74.7192989,295.7819455
Sussex,Ogdensburg,2.28,2.2,2410,2258,1240,10.65,213699,229926,1329,22.68,36.97,40.778325,-74.7192989,464.8366009
Sussex,Sandyston,42.52,41.3,1998,1977,1014,8.09,232695,239237,823,18.57,50.3,40.778325,-74.7192989,13682.09919
Sussex,Sparta,36.94,36.79,19722,19600,9165,8.04,386880,401723,1522,21.72,37.29,40.778325,-74.7192989,5464.722461
Sussex,Stanhope,1.84,1.84,3610,3526,1918,9.91,204591,215457,1510,25.25,33.67,40.778325,-74.7192989,212.8141949
Sussex,Stillwater,27.06,26.92,4099,4004,2284,8.23,227361,238052,1000,20.31,45.57,40.778325,-74.7192989,6402.27073
Sussex,Sussex,0.59,0.59,2130,2024,916,10.15,194655,190374,872,21.04,38.17,40.778325,-74.7192989,23.73559643
Sussex,Vernon,68.23,67.6,23943,22358,12099,10.2,200281,211147,1263,20,37.46,40.778325,-74.7192989,15059.8311
Sussex,Walpack,24.05,24.17,16,7,7,14.29,66021,69794,10897,15.38,61.54,40.778325,-74.7192989,961.3595678
Sussex,Wantage,66.75,66.76,11358,10811,5737,8.75,252556,271023,595,15.92,46.15,40.778325,-74.7192989,4931.480129
Union,Berkeley Heights,6.21,6.22,13183,13285,6276,6.39,569107,572046,1678,26.75,36.5,40.778325,-74.7192989,575.1113231
Union,Clark,4.3,4.27,14756,15544,8130,8.18,431960,474605,1575,27.8,27.17,40.778325,-74.7192989,569.3537812
Union,Cranford,4.83,4.84,22625,23847,12309,6.6,501865,519273,1642,35.26,23.32,40.778325,-74.7192989,411.7534601
Union,Elizabeth,12.32,12.32,124969,137298,63532,12.08,286380,346805,2101,57.11,6.54,40.778325,-74.7192989,172.7262726
Union,Fanwood,1.34,1.34,7318,7774,3855,6.38,454923,479300,1975,38.29,21.79,40.778325,-74.7192989,24.52281024
Union,Garwood,0.66,0.65,4226,4454,2308,9.79,400316,404531,1964,36.73,22.27,40.778325,-74.7192989,27.07856097
Union,Hillside,2.75,2.77,21404,22456,9746,13.73,236773,300015,2097,59.71,5.66,40.778325,-74.7192989,156.5765457
Union,Kenilworth,2.16,2.15,7914,8427,4252,9.92,310436,360479,2067,32.35,23.76,40.778325,-74.7192989,266.1941972
Union,Linden,10.68,10.69,40499,43738,22004,11.12,281177,326674,2625,60.59,7.96,40.778325,-74.7192989,206.9799488
Union,Mountainside,4.01,4,6685,7020,3196,6.57,617980,632905,2159,26.94,32.29,40.778325,-74.7192989,963.1895504
Union,New Providence,3.64,3.69,12171,13650,6331,5.88,580701,619273,1729,26.96,31.56,40.778325,-74.7192989,293.1474715
Union,Plainfield,6.02,5.96,49808,54586,26404,10.9,248577,262643,1727,65.3,4.52,40.778325,-74.7192989,258.7499118
Union,Rahway,3.9,3.9,27346,29556,14976,10.48,236671,271615,1902,52.07,10.45,40.778325,-74.7192989,228.1638067
Union,Roselle,2.65,2.64,21085,22695,10604,12.36,210157,257620,2060,64.85,4.63,40.778325,-74.7192989,218.7628856
Union,Roselle Park,1.23,1.22,13297,13967,6857,10.75,265946,301076,1379,37.88,16.57,40.778325,-74.7192989,31.40850509
Union,Scotch Plains,9.02,9.02,23510,24968,12610,7.1,526155,546568,1087,37.63,21.55,40.778325,-74.7192989,1223.680554
Union,Springfield,5.17,5.16,15817,17178,9647,7.64,389362,441786,1982,36.99,19.21,40.778325,-74.7192989,1497.089676
Union,Summit,6,5.99,21457,22719,9668,6.31,956205,990370,2259,33.37,26.25,40.778325,-74.7192989,441.8032144
Union,Union Twp,9.07,9.05,56642,59728,29307,9.95,283969,325143,1713,47.72,11.46,40.778325,-74.7192989,4876.345574
Union,Westfield,6.72,6.72,30316,31032,13365,5.8,752239,781904,1669,34.98,24.05,40.778325,-74.7192989,276.3698391
Union,Winfield,0.18,0.18,1471,1423,817,10.4,18424,18400,1086,37.24,21.11,40.778325,-74.7192989,2.71128017
Warren,Allamuchy,20.45,19.99,4323,5335,2607,8.29,254898,275945,851,19.74,39.17,40.778325,-74.7192989,5719.500007
Warren,Alpha,1.67,1.68,2369,2328,1266,8.14,177471,186129,1564,35.1,26.89,40.778325,-74.7192989,71.11375632
Warren,Belvidere,1.45,1.45,2681,2520,1425,7.93,180831,177932,1267,22.09,42.19,40.778325,-74.7192989,90.27179655
Warren,Blairstown,30.82,29.89,5967,5704,2994,8.78,288581,301185,820,19.02,43.14,40.778325,-74.7192989,2762.345834
Warren,Franklin Twp,24.04,23.42,3176,2968,1517,7.65,291273,296197,944,19.77,43.16,40.778325,-74.7192989,12479.8207
Warren,Frelinghuysen,23.32,23.62,2230,2199,1135,8.37,298362,299931,834,16.76,48.54,40.778325,-74.7192989,2605.852259
Warren,Greenwich,10.53,10.58,5712,5473,2708,7.68,329807,328794,974,21.43,40.05,40.778325,-74.7192989,1805.164131
Warren,Hackettstown,3.61,3.61,9724,10248,5156,10.73,271188,282307,1158,24.02,32.38,40.778325,-74.7192989,514.3450682
Warren,Hardwick,36.6,37.53,1696,1598,883,7.7,285387,313837,807,20.54,43.71,40.778325,-74.7192989,8188.891086
Warren,Harmony,23.7,23.75,2667,2503,1321,6.89,232709,240185,1451,20.09,43.96,40.778325,-74.7192989,1773.247562
Warren,Hope,18.62,18.09,1952,1835,969,7.33,261875,270673,833,19.77,44.5,40.778325,-74.7192989,1670.203706
Warren,Independence,19.74,19.83,5662,5469,3019,7.78,268938,267252,1007,20.66,36.41,40.778325,-74.7192989,1462.963769
Warren,Knowlton,24.75,24.72,3055,2894,1434,9.55,248370,259665,861,19.16,42.24,40.778325,-74.7192989,2764.142902
Warren,Liberty,11.6,11.67,2942,2670,1650,8.12,236798,252000,746,20.35,41.71,40.778325,-74.7192989,2107.950516
Warren,Lopatcong,7.1,7.32,8014,8776,4387,7.18,232172,238292,1171,27.55,34.18,40.778325,-74.7192989,475.1330352
Warren,Mansfield,29.82,29.59,7725,7781,4075,7.68,245769,253618,979,20.05,39.02,40.778325,-74.7192989,5237.251097
Warren,Oxford,5.79,5.96,2514,2444,1295,9.34,183264,195899,1029,20.56,40.35,40.778325,-74.7192989,1423.03562
Warren,Phillipsburg,3.19,3.19,14950,15249,6894,9.2,113353,116138,1281,32.36,21.53,40.778325,-74.7192989,114.6567995
Warren,Pohatcong,13.36,13.37,3339,3241,1776,7.21,176273,190631,1940,24.84,31.48,40.778325,-74.7192989,625.7202579
Warren,Washington,1.94,1.97,6461,7299,3443,10.54,179920,175575,1358,23.88,30.07,40.778325,-74.7192989,132.9606025
Warren,Washington Twp,17.66,17.96,6651,6492,3611,7.73,249701,260385,1743,18.84,38.94,40.778325,-74.7192989,59549.23301
Warren,White,27.15,27.37,4882,4606,2100,7.71,251412,263540,552,17.97,49.6,40.778325,-74.7192989,2712.062549
